location,time,employment_protection_value,total_investment,r_d_research_value,gdp_growth,new_mental_health_units,population
AUS,2008,1.6309524,12101027770,20262.3291764202,3.6577667597209143,2745,21249200
AUS,2009,1.6309524,12651361468,NA,1.9227272928833372,0,21691700
AUS,2010,1.9880953,16624426441,20591.8985131489,2.0529420039533193,0,22031750
AUS,2011,1.9880953,22482681676,20725.6161021354,2.4511050826840233,NA,22340024
AUS,2012,1.9880953,28261571799,NA,3.891940026478906,NA,22733465
AUS,2013,1.9404762,22346485072,21607.9881880432,2.6394823570563943,NA,23128129
AUT,2008,2.4421768,2867000000,9219.70726800936,1.4604251931814076,0,8321496
AUT,2009,2.4421768,2953000000,8966.85494310941,-3.764580483080877,1653,8343323
AUT,2010,2.4421768,2511000000,9586.50029694663,1.837094591525016,0,8363404
AUT,2011,2.4421768,2448000000,9658.8619100342,2.922797636363825,NA,8391643
AUT,2012,2.4421768,2018000000,10621.1509582085,0.6804443742486797,NA,8429991
AUT,2013,2.4421768,2022000000,10770.3832883799,0.025504100615833636,NA,8479823
BEL,2008,2.9948978,1645865787,8368.98034815543,0.7831730377547501,0,10709973
BEL,2009,2.9948978,2102314281,8440.76607907404,-2.2531746349459354,0,10796493
BEL,2010,3.1309524,2138467073,8958.22353303057,2.74421327182894,0,10895586
BEL,2011,3.1309524,1970066303,9584.11978675045,1.7983026591308402,NA,11038264
BEL,2012,2.9948978,2348431630,10132.5930026146,0.23479692439649114,NA,11106932
BEL,2013,2.9948978,2244786096,10423.5510689606,0.2006504436526484,NA,11159407
CAN,2008,1.5058106,10362983389,25311.7141262565,1.0003609729592142,4272,33247118
CAN,2009,1.5058106,12413575575,25382.0616294914,-2.9495876427671277,0,33628895
CAN,2010,1.5058106,17002561287,24903.0745682261,3.0835142198872205,0,34004889
CAN,2011,1.5058106,16886449548,25148.2444011652,3.1412190013903967,NA,34339328
CAN,2012,1.5058106,17185554172,25376.893315230802,1.7454722831800495,NA,34714222
CAN,2013,1.5058106,15830166618,25027.2041907452,2.4750018591249017,NA,35082954
DNK,2008,2.2749434,1399409871,6836.27755307354,-0.5120252218057431,0,5493621
DNK,2009,2.2749434,1228663900,7161.10783171175,-4.906525558097087,774,5523095
DNK,2010,2.2749434,1430336234,6965.39368568243,1.8709926386621447,0,5547683
DNK,2011,2.3202949,2008267680,7125.25375978684,1.3367746666622509,NA,5570572
DNK,2012,2.3202949,2335097665,7230.14499358567,0.22646847587151342,NA,5591572
DNK,2013,2.3202949,2273562264,7271.27420027755,0.9333492815162288,NA,5614932
FIN,2008,2.1666667,1648000000,7808.01526141261,0.7206684874099238,1500,5313399
FIN,2009,2.1666667,1461000000,7569.74229142166,-8.269036558271054,0,5338871
FIN,2010,2.1666667,1394000000,7748.72241016661,2.9923375022018632,0,5363352
FIN,2011,2.1666667,1450000000,7761.99685517674,2.5708177445216336,NA,5388272
FIN,2012,2.1666667,1681000000,7190.11618390616,-1.4261893595956394,NA,5413971
FIN,2013,2.1666667,1831000000,6859.54292904206,-0.7580362948200872,NA,5438972
FRA,2008,2.8701813,18871901651,48667.6849611186,0.19529476711906568,14000,64374984
FRA,2009,2.8225625,19324464990,50694.3140597897,-2.941341057959491,0,64707040
FRA,2010,2.8225625,19504363953,50908.1617763668,1.965657376414967,0,65027507
FRA,2011,2.8225625,19306195274,52277.7403126656,2.079229174320105,NA,65342780
FRA,2012,2.8225625,20659821707,53220.4315712306,0.18269303419411642,NA,65659809
FRA,2013,2.8225625,22486078472,53766.4799027931,0.5762415457775774,NA,65998687
DEU,2008,2.8418367,17901000000,84808.8043657433,1.0823154039190541,0,82110097
DEU,2009,2.8418367,19397000000,84029.152379131,-5.618860434658572,0,81902307
DEU,2010,2.8418367,18592000000,87047.6413894575,4.079933304870693,0,81776930
DEU,2011,2.8418367,19236000000,92958.8210394261,3.6600001550351635,NA,80274983
DEU,2012,2.8418367,18625000000,95838.8421117363,0.49199282913805575,NA,80425823
DEU,2013,2.8418367,18515000000,94727.1333107654,0.48958448249463515,NA,80645605
GRC,2008,2.8503401,2257000000,2292.67986014247,-0.3351725573120632,1440,11077841
GRC,2009,2.8503401,2416000000,2073.85972802617,-4.300733666628204,0,11107017
GRC,2010,2.8503401,1717000000,1875.03353175816,-5.479037107755303,0,11121341
GRC,2011,2.4444444,1569000000,1913.32099528431,-9.132494153229487,NA,11104899
GRC,2012,2.4444444,1349000000,1846.50175717368,-7.3004939353207305,NA,11045011
GRC,2013,2.4104307,2359000000,2072.03766459173,-3.241425025065908,NA,10965211
ISL,2008,2.4580498,279242171,342.993904056382,1.6589137461150614,0,317414
ISL,2009,2.4580498,146152964,335.570668253349,-6.505254419532463,65,318499
ISL,2010,2.4580498,95692659,NA,-3.605636983285308,0,318041
ISL,2011,2.4580498,57246661,310.340012428608,1.9630239751195404,NA,319014
ISL,2012,2.4580498,55037206,NA,1.3192600914824624,NA,320716
ISL,2013,2.4580498,58506797,231.798227728693,4.3081378698682755,NA,323764
IRL,2008,1.978458,2503000000,2822.19238976138,-3.9359290675004672,0,4489544
IRL,2009,1.978458,2290000000,3119.23936834925,-4.626771598296713,0,4535375
IRL,2010,1.978458,1663000000,3145.24482912537,1.801679033351462,278,4560155
IRL,2011,1.978458,1116000000,3152.80516180604,2.9849077398845054,NA,4580084
IRL,2012,2.0691609,897000000,3195.71777686579,0.03715475319248185,NA,4599533
IRL,2013,2.0691609,605000000,3267.22054986364,1.6388450031269173,NA,4623816
ITA,2008,3.0323131,21260000000,25149.6201196034,-1.0504028348038332,0,58826731
ITA,2009,3.0323131,12750000000,24947.4765435949,-5.4820550401474435,4693,59095365
ITA,2010,3.0323131,10183000000,25406.4620956828,1.6865234030892111,0,59277417
ITA,2011,3.0323131,10083000000,25275.7235280545,0.5766230221042008,NA,59379449
ITA,2012,3.0323131,8838000000,25802.3847543318,-2.819013779254931,NA,59539717
ITA,2013,2.8894558,8293000000,26091.0122347172,-1.7281608024923116,NA,60233948
JPN,2008,2.0850341,44354940588,151792.390273112,-1.0935406004227133,0,128063000
JPN,2009,2.0850341,54002325667,139019.804557865,-5.4164127967399764,0,128047000
JPN,2010,2.0850341,51601722813,140619.12642075,4.191739258606702,0,128070000
JPN,2011,2.0850341,49636633272,145278.491770744,-0.11542133971575197,NA,127833000
JPN,2012,2.0850341,53744213167,145829.031462319,1.4950895859379187,NA,127629000
JPN,2013,2.0850341,45739801236,153653.513907821,2.0002678411019588,NA,127445000
LUX,2008,2.7352607,334580733,703.002212975636,-1.2795855724345557,0,488650
LUX,2009,2.7352607,339919266,694.967828378266,-4.358607005322952,104,497783
LUX,2010,2.7352607,346849368,652.782115421402,4.86496856032889,0,506953
LUX,2011,2.7352607,386185290,651.628124187317,2.539234839368561,NA,518347
LUX,2012,2.7352607,350032098,564.945938937407,-0.3525193600925576,NA,530946
LUX,2013,2.7352607,366284762,599.388584727016,3.6543703850578737,NA,543360
NLD,2008,2.9297051,3284000000,12461.7313198555,1.6990607781359586,3126,16445593
NLD,2009,2.8843536,3502000000,12301.0328260474,-3.7675835367598154,0,16530388
NLD,2010,2.8843536,3649000000,12764.8221864254,1.4026621772173797,0,16615394
NLD,2011,2.8843536,3686000000,14318.7773936763,1.6636263443924975,NA,16693074
NLD,2012,2.8843536,NA,14438.3393102062,-1.057037403935709,NA,16754962
NLD,2013,2.9379251,NA,14509.1444961982,-0.19033919969655244,NA,16804432
NZL,2008,1.1020409,512484231,NA,-1.545526426091854,420,4259800
NZL,2009,1.1020409,578672219,1687.5170601061,1.916064648251023,0,4302600
NZL,2010,1.1020409,731739827,NA,0.9621571889926912,0,4350700
NZL,2011,1.1020409,841984698,1719.64666180103,2.695798489927938,NA,4384000
NZL,2012,1.0068028,668150044,NA,2.4994165813840397,NA,4408100
NZL,2013,1.0068028,766018434,1685.89076583001,2.0180099910859184,NA,4442100
NOR,2008,2.3095238,2639091529,4721.92248997081,0.4807921542428346,0,4768212
NOR,2009,2.3095238,3179703969,4744.59193391069,-1.6910436108384204,0,4828726
NOR,2010,2.3095238,3375343493,4676.6798068907,0.691663072400317,1494,4889252
NOR,2011,2.3095238,3539193923,4823.45742273797,0.9719348785671968,NA,4953088
NOR,2012,2.3095238,4463915457,4975.01587821571,2.7216267922774477,NA,5018573
NOR,2013,2.3095238,5196474100,5119.1057148129,1.0443890784354437,NA,5079623
PRT,2008,3.5119047,2028000000,4224.83137378035,0.1992722487473344,0,10558177
PRT,2009,3.5119047,1567000000,4480.55065926714,-2.978104800248346,0,10568247
PRT,2010,3.3078232,2154000000,4429.34399315421,1.898691175609585,0,10573100
PRT,2011,3.3078232,519000000,4133.52313177244,-1.8268523506265808,NA,10557560
PRT,2012,2.8996599,489000000,3751.72051509484,-4.028256748252801,NA,10514844
PRT,2013,2.6853743,369000000,3571.05383812905,-1.1301558228824433,NA,10457295
ESP,2008,2.6598639,22506000000,20325.8736978127,1.117686860029778,0,45954106
ESP,2009,2.6598639,22475000000,20109.5713071091,-3.573751448691567,0,46362946
ESP,2010,2.6598639,19511000000,20086.6978341599,0.014063877762708898,3894,46576897
ESP,2011,2.5578232,16543000000,19524.5575074326,-0.9987649581149611,NA,46742697
ESP,2012,2.5578232,12854000000,18420.9126440298,-2.927750507177109,NA,46773055
ESP,2013,2.3554423,8771000000,17835.3963494241,-1.7057050003465406,NA,46620045
SWE,2008,2.5170066,3091328807,13578.1395316473,-0.5570476276999301,0,9219637
SWE,2009,2.5170066,3051576876,12706.1995639711,-5.184659030079374,330,9298515
SWE,2010,2.5170066,3284312185,12555.4616086535,5.9889265471398545,0,9378126
SWE,2011,2.5170066,3526961761,13022.5445018391,2.6644079506953773,NA,9449213
SWE,2012,2.5170066,4015298563,13113.7792023228,-0.2863206154440405,NA,9519374
SWE,2013,2.5170066,3507774118,13376.4980598572,1.2412049173094317,NA,9600379
CHE,2008,2.1037414,5462793775,11203.8586668405,2.154701861134896,3146,7647675
CHE,2009,2.1037414,6054043314,NA,-2.2221071209744707,0,7743831
CHE,2010,2.1037414,6661119953,NA,3.0026991077517096,0,7824909
CHE,2011,2.1037414,7559967585,NA,1.6928084951503877,NA,7912398
CHE,2012,2.1037414,7608894052,13607.9684120414,1.0060240974266321,NA,7996861
CHE,2013,2.1037414,7691120319,NA,1.8520397573524576,NA,8089346
GBR,2008,1.7585034,13574897677,37684.4873345761,-0.4725403174234941,0,61806995
GBR,2009,1.7585034,12873755869,37441.7282596756,-4.187759438322402,9220,62276270
GBR,2010,1.7585034,12870017479,37573.3018068028,1.6945471397559828,0,62766365
GBR,2011,1.7585034,13097682646,38254.4556037785,1.4526239700938675,NA,63258810
GBR,2012,1.7585034,14323368265,37151.4771294972,1.4813298290309547,NA,63700215
GBR,2013,1.6632653,14456302402,38980.6411385914,2.052388508423306,NA,64128273
USA,2008,1.1714286,62165782674,415342.270161634,-0.2916214586939532,0,304093966
USA,2009,1.1714286,66496088423,411368.639284228,-2.7755295741680754,0,306771529
USA,2010,1.1714286,70900663250,410093,2.5319206161631485,24758,309321666
USA,2011,1.1714286,68765538550,421097.8943507,1.601454672471391,NA,311556874
USA,2012,1.1714286,74961885501,417864.451378761,2.224030853857144,NA,313830990
USA,2013,1.1714286,72271495257,430606.184626233,1.6773315299245297,NA,315993715
AUS,1995,NA,3056259377,NA,3.8293687531651983,NA,18072000
AUS,1996,NA,3827099180,9459.46387590201,3.878631271390816,NA,18311000
AUS,1997,NA,4266211215,NA,3.96642048968603,NA,18517000
AUS,1998,NA,4400683246,9440.65685468416,4.576739364354523,NA,18711000
AUS,1999,NA,4630127746,NA,5.01806394269731,NA,18926000
AUS,2000,NA,4207622105,10275.204171924,3.9431890822989573,NA,19153000
AUS,2001,NA,3797614895,NA,1.9331057288134446,NA,19413000
AUS,2002,NA,4273266972,12286.7292331009,4.003022283703729,NA,19651400
AUS,2003,NA,5026848570,NA,2.9857449046347284,NA,19895400
AUS,2004,NA,6716256971,13849.276471974,4.001105520142829,0,20127400
AUS,2005,NA,8827823877,NA,3.1903163404162598,0,20394800
AUS,2006,NA,8924897771,17113.6644076267,2.8342325122041103,0,20697900
AUS,2007,NA,10690566859,NA,3.7773290295908737,0,20827600
AUS,2014,NA,17969766947,NA,2.5583375228690244,NA,23475686
AUS,2015,NA,14481086382,20369.0109942191,2.3511364407440567,NA,23815995
AUS,2016,NA,15354136346,NA,2.8273105109630308,NA,24190907
AUT,1995,NA,1073000000,3986.48761410934,2.667983665527089,NA,7948278
AUT,1996,NA,1102000000,4216.21808197763,2.349535096726612,NA,7959017
AUT,1997,NA,1154000000,4506.37896851888,2.0935964761565913,NA,7968041
AUT,1998,NA,1471000000,4883.93016169048,3.58143100907364,NA,7976789
AUT,1999,NA,1607000000,5390.08252440498,3.556330240609057,NA,7992324
AUT,2000,NA,1756000000,5694.78707427446,3.3757219732499806,NA,8011566
AUT,2001,NA,1792000000,6091.31427748979,1.267170469022986,NA,8042293
AUT,2002,NA,1826000000,6421.54924404981,1.6515494073389192,NA,8081957
AUT,2003,NA,1956000000,6822.65194054623,0.9414733119992746,NA,8121423
AUT,2004,NA,2307000000,6982.0555993246,2.7351185184438833,0,8171966
AUT,2005,NA,2386000000,7821.34099638341,2.2440668122355447,0,8227829
AUT,2006,NA,2515000000,8043.71706197342,3.4540410323043744,0,8268641
AUT,2007,NA,2566000000,8552.92239082325,3.7274151755296856,0,8295487
AUT,2014,NA,2030000000,11279.6626701661,0.828733875377921,NA,8546356
AUT,2015,NA,2006000000,11322.9478308825,1.0918542316619408,NA,8642699
AUT,2016,NA,1969000000,11635.1327698053,1.4509154382148495,NA,8736668
BEL,1995,NA,1220000000,5285.69095372455,2.3847572377605957,NA,10136811
BEL,1996,NA,1011000000,5668.50969225791,1.5934063029381207,NA,10156637
BEL,1997,NA,1133000000,6100.22616597336,3.710444953595001,NA,10181245
BEL,1998,NA,1094000000,6320.76572021802,1.9752743660678789,NA,10203008
BEL,1999,NA,1353000000,6786.68315263402,3.5633115521348913,NA,10226419
BEL,2000,NA,1607000000,7151.13521390425,3.6336520149299503,NA,10251250
BEL,2001,NA,1469000000,7581.63147454319,0.8115436069082307,NA,10286570
BEL,2002,NA,1604000000,7216.81121001473,1.7805063006044435,NA,10332785
BEL,2003,NA,1555000000,7046.17342097656,0.7745672334992264,NA,10376133
BEL,2004,NA,1565000000,7211.16856030819,3.6346806722403073,0,10421137
BEL,2005,NA,1588527538,7253.64969756889,2.0942727084718484,0,10478617
BEL,2006,NA,1531448431,7568.74241557312,2.5061401154613066,0,10547958
BEL,2007,NA,1458740802,7958.65917491449,3.448973791690335,0,10625700
BEL,2014,NA,1884978558,10800.5083506177,1.293265235102865,NA,11209057
BEL,2015,NA,2309993900,11315.4764306057,1.4269568094580762,NA,11274196
BEL,2016,NA,2194293669,11578.7705398995,1.4122920154533887,NA,11331422
CAN,1995,NA,3933266489,15435.9412110175,2.6777084356616854,NA,29302311
CAN,1996,NA,3725739371,15239.6593542792,1.6110480305113555,NA,29610218
CAN,1997,NA,3948776759,15961.9779692193,4.279812433307001,NA,29905948
CAN,1998,NA,3710986831,17577.2409570221,3.8817591438216965,NA,30155173
CAN,1999,NA,3776880873,18909.6105426304,5.163210900072855,NA,30401286
CAN,2000,NA,5277129522,21122.2580958845,5.182690285805265,NA,30685730
CAN,2001,NA,6290473787,23382.5082136878,1.7708190890414386,NA,31020902
CAN,2002,NA,5704073374,23497.492611593,3.010016307596743,NA,31360079
CAN,2003,NA,5539190898,23873.3025234695,1.8022733120588441,NA,31644028
CAN,2004,NA,5424860852,24976.1908161596,3.0859612090986133,0,31940655
CAN,2005,NA,6967609459,25433.9900380579,3.2013821365397916,0,32243753
CAN,2006,NA,8364695970,25720.2478269461,2.6234126230555006,0,32571174
CAN,2007,NA,9365511607,25709.9176986939,2.0627476902584903,0,32889025
CAN,2014,NA,7624047091,25868.8814047732,2.8557392043641983,NA,35437435
CAN,2015,NA,8444692737,25079.5243204889,1.0008824940799173,NA,35702908
CAN,2016,NA,8219719842,24736.7690695693,1.414102745576912,NA,36109487
CHE,1995,NA,3737948885,NA,0.4808664430238565,NA,7040687
CHE,1996,NA,3744420355,7623.36790696243,0.5400276048691808,NA,7071850
CHE,1997,NA,3731070973,NA,2.3401498836721544,NA,7088906
CHE,1998,NA,3758707847,NA,2.989891845731222,NA,7110001
CHE,1999,NA,4156460885,NA,1.694719833815327,NA,7143991
CHE,2000,NA,4606792066,8058.88760737708,3.936823452673238,NA,7184250
CHE,2001,NA,4909957627,NA,1.3124236689136666,NA,7229854
CHE,2002,NA,5284896401,NA,0.1626129024025431,NA,7284753
CHE,2003,NA,4989149734,NA,0.03957656774346674,NA,7339001
CHE,2004,NA,5004857198,9672.18709811337,2.776223500490758,0,7389625
CHE,2005,NA,5061680553,NA,3.1152455297264794,0,7437115
CHE,2006,NA,5061343843,NA,3.9886342206791596,0,7483934
CHE,2007,NA,5003348146,NA,4.111877812076045,0,7551117
CHE,2014,NA,7491355179,NA,2.4492180965164607,NA,8188649
CHE,2015,NA,4407081304,15216.8739898476,1.2263843594562616,NA,8282396
CHE,2016,NA,4407448175,NA,1.375884495838278,NA,8373338
DEU,1995,NA,18336000000,56825.2245132943,1.7376406312156263,NA,81678051
DEU,1996,NA,18469000000,57462.4815707985,0.8178976170142107,NA,81914831
DEU,1997,NA,17941000000,59665.4206556084,1.849200669808468,NA,82034771
DEU,1998,NA,17666000000,61782.231858649,1.979618407036753,NA,82047195
DEU,1999,NA,21068000000,66471.1957888863,1.987134949286613,NA,82100243
DEU,2000,NA,20073000000,70136.0405956076,2.962045367845235,NA,82211508
DEU,2001,NA,19718000000,71143.7746412615,1.6954714518861067,NA,82349925
DEU,2002,NA,21377000000,72033.9265744998,0,NA,82488495
DEU,2003,NA,20413000000,72741.7847465899,-0.7099061718807889,NA,82534176
DEU,2004,NA,18874000000,72520.0001476759,1.1699704128651547,0,82516260
DEU,2005,NA,15671000000,73085.0773275588,0.70671394810023,0,82469422
DEU,2006,NA,16801000000,76837.5882690128,3.7001595720548437,0,82376451
DEU,2007,NA,17761000000,79029.4296581203,3.2605352968215726,0,82266372
DEU,2014,NA,18285000000,98329.7004352226,1.9296904098075771,NA,80982500
DEU,2015,NA,18580000000,101578.033334441,1.7432053936599345,NA,81686611
DEU,2016,NA,19455000000,104075.245255981,1.9436254278131742,NA,82348669
DNK,1995,NA,1187099943,3410.61901481664,3.0276340729972873,NA,5233373
DNK,1996,NA,1511861735,3544.13143633207,2.900068334546006,NA,5263074
DNK,1997,NA,1336781194,3826.76149267595,3.260879793622351,NA,5284991
DNK,1998,NA,1555508147,4153.99921850909,2.2181618879989884,NA,5304219
DNK,1999,NA,1241863467,4535.35445206238,2.94800709905887,NA,5321799
DNK,2000,NA,1193351043,NA,3.746900212353623,NA,5339616
DNK,2001,NA,1115375326,5183.32678846879,0.8231493002992494,NA,5358783
DNK,2002,NA,994145751,5469.10096498338,0.46634492848411924,NA,5375931
DNK,2003,NA,983756577,5646.5039514062,0.39007386505103625,NA,5390574
DNK,2004,NA,1197731152,5585.4826077649,2.6681934594168695,0,5404523
DNK,2005,NA,1271119342,5655.06041207992,2.336664490820624,0,5419432
DNK,2006,NA,1510638011,5899.98525167837,3.9129801518896272,0,5437272
DNK,2007,NA,1392199496,6232.13557880486,0.9092529958465718,0,5461438
DNK,2014,NA,2351473528,7248.63334760137,1.6193749707103393,NA,5643475
DNK,2015,NA,2468693857,7474.71148522979,1.606608994338771,NA,5683483
DNK,2016,NA,2284497811,7399.47349750673,1.9640771294674693,NA,5728010
ESP,1995,NA,6007000000,7560.36778421342,2.757494032950646,NA,39724050
ESP,1996,NA,5701000000,7929.42271665004,2.674783587866841,NA,39889852
ESP,1997,NA,5655000000,8119.40368377636,3.6896139984344387,NA,40057389
ESP,1998,NA,6782000000,9244.45842926044,4.305978446970855,NA,40223509
ESP,1999,NA,6830000000,9539.88688774201,4.484774430372056,NA,40386875
ESP,2000,NA,8079000000,10575.382167101,5.289099595059184,NA,40567864
ESP,2001,NA,10181000000,11063.6894678621,4.001073835401314,NA,40850412
ESP,2002,NA,13316000000,12275.507677778,2.8798760971945825,NA,41431558
ESP,2003,NA,15004000000,13486.7115380078,3.1875714756449725,NA,42187645
ESP,2004,NA,15574000000,14135.6298375867,3.1667465006120636,0,42921895
ESP,2005,NA,18114000000,15470.6173695606,3.7230017884165534,0,43653155
ESP,2006,NA,19008000000,17240.1150561195,4.17412318641999,0,44397319
ESP,2007,NA,21159000000,18840.8375439167,3.7689924077177324,0,45226803
ESP,2014,NA,8636000000,17607.8662964539,1.3799972382426944,NA,46480882
ESP,2015,NA,8224000000,17980.4218196195,3.4322533279236467,NA,46444832
ESP,2016,NA,6861000000,18049.4113648513,3.2744627396774177,NA,46484062
FIN,1995,NA,777000000,3023.32391985774,4.20713067270178,NA,5107790
FIN,1996,NA,723000000,3487.82775380572,3.658833063209073,NA,5124573
FIN,1997,NA,747000000,3962.84710830064,6.251807841144512,NA,5139835
FIN,1998,NA,831000000,4438.12441100615,5.428512566955092,NA,5153498
FIN,1999,NA,890000000,5083.6229189238,4.444134273152358,NA,5165474
FIN,2000,NA,845000000,5703.35172695153,5.634847452191011,NA,5176209
FIN,2001,NA,850000000,5764.48740054033,2.580792075450205,NA,5188008
FIN,2002,NA,855000000,5970.31720841966,1.6803250889493029,NA,5200598
FIN,2003,NA,942000000,6172.99922934827,1.9939840869396477,NA,5213014
FIN,2004,NA,1097000000,6440.22495252233,3.926057175474469,0,5228172
FIN,2005,NA,1061000000,6648.86262605752,2.7799550309805596,0,5246096
FIN,2006,NA,1141000000,6934.80518534666,4.055197443861829,0,5266268
FIN,2007,NA,1313000000,7312.17558741666,5.18480080885459,0,5288720
FIN,2014,NA,2013000000,6571.77536296757,-0.6317280905938532,NA,5461512
FIN,2015,NA,1945866994,6013.92899640073,0.13508225544482855,NA,5479531
FIN,2016,NA,2105000000,5824.42256858221,2.135381815261894,NA,5495303
FRA,1995,NA,14553863947,40225.7366308295,2.085084531121751,NA,59541899
FRA,1996,NA,14784665544,40451.4091569116,1.3880040297411682,NA,59753100
FRA,1997,NA,14782311225,39985.0223690796,2.337333405606998,NA,59964851
FRA,1998,NA,14472007530,40399.6286713711,3.5562012550393547,NA,60186288
FRA,1999,NA,14131488324,42033.5452237315,3.4070991477819206,NA,60496718
FRA,2000,NA,14200214409,43368.1135707585,3.875162258929322,NA,60912500
FRA,2001,NA,14184823960,45157.3224041263,1.954449424428887,NA,61357430
FRA,2002,NA,14208837549,46440.8965289266,1.1184568913151338,NA,61805267
FRA,2003,NA,15345681204,45646.7594890923,0.8195316686402805,NA,62244886
FRA,2004,NA,16011033522,46358.1903229604,2.786424110666559,0,62704895
FRA,2005,NA,16752028253,46134.1098865878,1.6077138137054874,0,63179351
FRA,2006,NA,17462902777,47216.6978738545,2.3749468998576617,0,63621381
FRA,2007,NA,18758076298,47708.9970446778,2.3614988742485536,0,64016225
FRA,2014,NA,19375087378,55219.5722183136,0.9475864720860443,NA,66312067
FRA,2015,NA,17943950365,55591.1239875651,1.0674616470288498,NA,66548272
FRA,2016,NA,16784068158,55780.3941395542,1.187650380874203,NA,66724104
GBR,1995,NA,8539203860,27227.3288195622,2.469734452482129,NA,58019030
GBR,1996,NA,8562123632,26723.2339134366,2.5386544467447862,NA,58166950
GBR,1997,NA,9857060352,27068.4213619766,4.038248414431848,NA,58316954
GBR,1998,NA,10039929015,28215.3826351312,3.137808430530555,NA,58487141
GBR,1999,NA,10970873787,30655.6201116232,3.216724591545983,NA,58682466
GBR,2000,NA,11970467596,31440.3088084947,3.6641289604296077,NA,58892514
GBR,2001,NA,13285094067,32171.0189561096,2.544130573375881,NA,59119673
GBR,2002,NA,14729643766,33090.2012385623,2.457877617272942,NA,59370479
GBR,2003,NA,15223298165,33437.5749498222,3.325909315402569,NA,59647577
GBR,2004,NA,12901562039,33193.2378312086,2.364455337353945,0,59987905
GBR,2005,NA,14325193742,34626.4640900752,3.0960889368031275,0,60401206
GBR,2006,NA,14279847463,35968.2214319363,2.4559996511129185,0,60846820
GBR,2007,NA,13928746035,37774.3344607316,2.3567082298228854,0,61322463
GBR,2014,NA,17939807788,40612.0335453675,3.0542510117523847,NA,64602298
GBR,2015,NA,23395267217,41783.632796355,2.345939517145041,NA,65116219
GBR,2016,NA,22186425693,42949.1474806295,1.9357909496915795,NA,65611593
GRC,1995,NA,0,919.01618547859,2.099719766833033,NA,10562153
GRC,1996,NA,0,NA,2.862128846452933,NA,10608800
GRC,1997,NA,0,1015.10807874701,4.4841991477097025,NA,10661259
GRC,1998,NA,0,NA,3.894904772474277,NA,10720509
GRC,1999,NA,0,1439.52093158346,3.072596663897471,NA,10761698
GRC,2000,NA,2211000000,NA,3.919770772008249,NA,10805808
GRC,2001,NA,2137000000,1533.77390316277,4.131612076412779,NA,10862132
GRC,2002,NA,2837000000,NA,3.922871842294967,NA,10902022
GRC,2003,NA,3531000000,1647.27983011769,5.794531264441588,NA,10928070
GRC,2004,NA,3473000000,1669.74631454117,5.060992564778317,0,10955141
GRC,2005,NA,1686000000,1844.29313261999,0.5991420554741609,0,10987314
GRC,2006,NA,1794000000,1888.71975624923,5.652433720157802,0,11020362
GRC,2007,NA,1941000000,2003.96646375429,3.273746857104868,0,11048473
GRC,2014,NA,1856228968,2143.93022964694,0.7397771234965091,NA,10892413
GRC,2015,NA,1668201654,2479.06178629771,-0.2909022969425479,NA,10820883
GRC,2016,NA,0,2576.97948404082,-0.24431474084668992,NA,10775971
IRL,1995,NA,357000000,1137.98396045941,9.63442230427627,NA,3608841
IRL,1996,NA,333000000,1273.11247230842,7.809274791675719,NA,3637510
IRL,1997,NA,535000000,1374.38289077029,10.289950511202832,NA,3674171
IRL,1998,NA,588000000,1450.92536263433,8.500199853264178,NA,3712696
IRL,1999,NA,797000000,1530.40620905616,10.617852309035243,NA,3754786
IRL,2000,NA,1036000000,1577.26043839361,9.559889222976594,NA,3805174
IRL,2001,NA,1514000000,1619.74836715538,5.803637383227269,NA,3866243
IRL,2002,NA,1814000000,1726.86106500845,6.309274146594461,NA,3931947
IRL,2003,NA,1873000000,1896.10503899864,3.1195091034445,NA,3996521
IRL,2004,NA,1870000000,2120.19534258263,6.6812276023426165,0,4070262
IRL,2005,NA,1982000000,2274.49356301628,6.006383302298701,0,4159914
IRL,2006,NA,2372000000,2411.26748665525,5.521667081023125,0,4273591
IRL,2007,NA,2736000000,2610.74789167441,5.208716385708584,0,4398942
IRL,2014,NA,649000000,3418.53786277102,8.328379308571115,NA,4657740
IRL,2015,NA,623000000,3362.2536973648,25.557268846055507,NA,4701957
IRL,2016,NA,11000000,3479.47210306739,5.141460154486822,NA,4755335
ISL,1995,NA,92912526,111.257428113057,NA,NA,267468
ISL,1996,NA,86360683,NA,NA,NA,268916
ISL,1997,NA,98817693,146.729408872157,5.1039645672458676,NA,271128
ISL,1998,NA,166107120,170.919381519844,7.018608035074919,NA,274047
ISL,1999,NA,146128678,203.704225541148,3.894494079762339,NA,277381
ISL,2000,NA,161179920,246.12226877252,4.6029920885223135,NA,281205
ISL,2001,NA,138167657,282.728823517711,3.927535516076901,NA,284968
ISL,2002,NA,156460643,282.391208514318,0.5505049616272544,NA,287523
ISL,2003,NA,190212151,276.631112095768,2.356712931706312,NA,289521
ISL,2004,NA,180166433,NA,8.074288685106183,0,292074
ISL,2005,NA,181393637,314.94446505731,6.390526475238076,0,296734
ISL,2006,NA,249704494,357.24353254694,5.017187435629793,0,303782
ISL,2007,NA,228316076,344.115280715909,9.428280616437519,0,311566
ISL,2014,NA,60727376,269.84174610687,2.20034689075797,NA,327386
ISL,2015,NA,87921895,305.566595647402,4.311317806163089,NA,330815
ISL,2016,NA,0,314.061572407895,7.4814502385648325,NA,335439
ITA,1995,NA,7428000000,17086.2714353825,2.886836739404359,NA,56844303
ITA,1996,NA,7521000000,17523.5624435007,1.2863694039148186,NA,56860281
ITA,1997,NA,7750000000,18626.2865863293,1.8353619896630136,NA,56890372
ITA,1998,NA,8999000000,19269.4253772565,1.616076033605566,NA,56906744
ITA,1999,NA,10691000000,19094.8327714198,1.5598502802657492,NA,56916317
ITA,2000,NA,12095000000,20248.1268823911,3.710106586892607,NA,56942108
ITA,2001,NA,10151000000,21415.4852867114,1.77218876140995,NA,56974100
ITA,2002,NA,11664000000,22288.8431613384,0.24854743956910852,NA,57059007
ITA,2003,NA,16515000000,21852.4183326196,0.15131818840843891,NA,57313203
ITA,2004,NA,19186000000,22013.0035791483,1.5819388612924286,0,57685327
ITA,2005,NA,22265000000,22094.8568053715,0.9496662576486585,0,57969484
ITA,2006,NA,24388000000,23396.364578582,2.0065866547446944,0,58143979
ITA,2007,NA,22698000000,24740.2462273462,1.4738685466187746,0,58438310
ITA,2014,NA,10251000000,26826.2481146682,0.11367323787827388,NA,60789140
ITA,2015,NA,9728000000,27035.4322744594,0.9519588718509624,NA,60730582
JPN,1995,NA,80022090907,103869.025134774,2.7421403220998286,NA,125439000
JPN,1996,NA,72643232769,110524.516620957,3.0999992907687357,NA,125757000
JPN,1997,NA,68922461421,114934.6170885,1.0760452342047415,NA,126057000
JPN,1998,NA,68220336272,117902.528168368,-1.1284098288648892,NA,126400000
JPN,1999,NA,80131262417,118391.577343905,-0.25195427208831234,NA,126631000
JPN,2000,NA,92254794485,122223.063383516,2.7796328252636044,NA,126843000
JPN,2001,NA,79725377880,125513.263236225,0.4063359031977569,NA,127149000
JPN,2002,NA,76306359074,127441.91348095,0.11799277677036457,NA,127445000
JPN,2003,NA,63228777607,130635.073333736,1.5282201481471134,NA,127718000
JPN,2004,NA,55112417872,132925.687662236,2.2046878823192912,0,127761000
JPN,2005,NA,51465662988,141892.568673573,1.662670405188308,0,127773000
JPN,2006,NA,48691598642,148316.034522576,1.4200065560477242,0,127854000
JPN,2007,NA,43227800556,153581.764455861,1.6541838811686205,12829,128001000
JPN,2014,NA,41725107888,158195.964942424,0.37471947633763136,NA,127276000
JPN,2015,NA,40494772633,154552.780269867,1.3538231139799848,NA,127141000
JPN,2016,NA,13430455525,149494.54584699,0.9381938864496249,NA,126994511
LUX,1995,NA,136973054,NA,1.4322002775633393,NA,408625
LUX,1996,NA,275292556,NA,1.3884283521418865,NA,414225
LUX,1997,NA,134339890,NA,5.709717090966009,NA,419450
LUX,1998,NA,149493983,NA,6.044651467666554,NA,424700
LUX,1999,NA,176974596,NA,8.48100282474833,NA,430475
LUX,2000,NA,208690238,524.930303221282,8.239799111930395,NA,436300
LUX,2001,NA,262801699,NA,2.5319749230962287,NA,441525
LUX,2002,NA,284399185,NA,3.8194697969992575,NA,446175
LUX,2003,NA,294992839,585.609719555226,1.6292870502999648,NA,451630
LUX,2004,NA,266864196,598.056903067188,3.612176706642117,0,458095
LUX,2005,NA,280803361,605.128497318723,3.172442732891497,0,465158
LUX,2006,NA,351011553,674.950026342786,5.178485965569905,0,472637
LUX,2007,NA,360329113,698.203510101936,8.354553209055894,0,479993
LUX,2014,NA,396155204,613.114462163541,5.771915881581208,NA,556319
LUX,2015,NA,500578425,636.35938875023,2.861674635604544,NA,569604
NLD,1997,NA,1812000000,10595.2140569886,4.299867428851172,NA,15610650
NLD,1998,NA,2114000000,10474.6292122838,4.525415040739958,NA,15707209
NLD,1999,NA,2307000000,11495.1130362351,5.051693367662253,NA,15812088
NLD,2000,NA,2839000000,11738.108280806,4.238763068872785,NA,15925513
NLD,2001,NA,3042000000,12054.279000887,2.1242643448480862,NA,16046180
NLD,2002,NA,4139000000,11755.94250257,0.10362998105269128,NA,16148929
NLD,2003,NA,4105000000,12033.6374321537,0.2839225810479462,NA,16225302
NLD,2004,NA,3871000000,12289.9777518016,2.030706314918902,0,16281779
NLD,2005,NA,3020000000,12442.626934085,2.16036600167007,0,16319868
NLD,2006,NA,2669000000,12633.5545278443,3.5186369613529678,0,16346101
NLD,2007,NA,2788000000,12576.1232629758,3.6984731061552765,0,16381696
NOR,1995,NA,1288224362,2712.8308391135,4.153950576619025,NA,4359184
NOR,1996,NA,1409084808,NA,5.027995447072115,NA,4381336
NOR,1997,NA,1416918203,2975.0929246719,5.284684789239819,NA,4405157
NOR,1998,NA,1456924678,NA,2.6243968944985596,NA,4431464
NOR,1999,NA,1376751459,3150.91621543719,2.0133075563369687,NA,4461913
NOR,2000,NA,1466901660,NA,3.205285075032677,NA,4490967
NOR,2001,NA,1218054641,3535.32268125999,2.0853280353305763,NA,4513751
NOR,2002,NA,1499846872,3619.38523014505,1.4377088047671691,NA,4538159
NOR,2003,NA,1374085880,3767.12691873452,0.919841887662983,NA,4564855
NOR,2004,NA,1536449313,3720.91692828772,3.959038032277846,0,4591910
NOR,2005,NA,1775262389,3889.44897793811,2.6247205350504004,0,4623291
NOR,2006,NA,1960155599,4102.01807350383,2.39509246796905,0,4660677
NOR,2007,NA,2405622139,4488.92606460722,2.9850548369803107,0,4709153
NOR,2014,NA,5331593877,5291.57721005101,1.975117445945756,NA,5137232
NOR,2015,NA,5117259581,5794.88502376102,1.9700977857373374,NA,5188607
NOR,2016,NA,0,5960.90833879808,1.0914650716904504,NA,5234519
NZL,1995,NA,124992847,827.864297880147,4.577216730548898,NA,3673400
NZL,1996,NA,128875400,NA,3.3579547340318356,NA,3732000
NZL,1997,NA,123685549,1007.63848389451,3.0083973920151976,NA,3781300
NZL,1998,NA,130654705,NA,1.066112063297723,NA,3815000
NZL,1999,NA,133611085,977.351897575685,5.193739854772119,NA,3835100
NZL,2000,NA,146904481,NA,2.289439353712581,NA,3857700
NZL,2001,NA,169460257,1184.55845155546,3.7976460807769,NA,3880500
NZL,2002,NA,180590895,NA,5.060591813288326,NA,3948500
NZL,2003,NA,199946955,1358.50410894171,4.540270045048558,NA,4027200
NZL,2004,NA,269411067,NA,3.2696301366379714,0,4087500
NZL,2005,NA,347279465,1413.57243076171,3.3189057859135858,0,4133900
NZL,2006,NA,395750896,NA,2.572912916642366,0,4184600
NZL,2007,NA,487464433,1552.96686083248,3.7604180870960136,0,4223800
NZL,2014,NA,952252925,NA,3.544991417307088,NA,4509700
NZL,2015,NA,1143492966,1994.48775811042,4.434294944023918,NA,4595700
NZL,2016,NA,0,NA,3.471456834614699,NA,4693200
PRT,1995,NA,1063000000,1135.9414142403,4.28278044551746,NA,10026176
PRT,1996,NA,1160000000,1250.34080826054,3.4966829239504165,NA,10063945
PRT,1997,NA,1655000000,1339.18723870952,4.426210353996751,NA,10108977
PRT,1998,NA,1713000000,1555.44642646235,4.791772154207379,NA,10160196
PRT,1999,NA,1115000000,1761.62618980949,3.8882133949505118,NA,10217828
PRT,2000,NA,1606000000,1936.45542669402,3.7874940006001196,NA,10289898
PRT,2001,NA,2307000000,2092.4654023865,1.9433052241371769,NA,10362722
PRT,2002,NA,2286000000,1989.74334004799,0.7687957199551789,NA,10419631
PRT,2003,NA,2358000000,1905.97077921303,-0.9342051625838508,NA,10458821
PRT,2004,NA,2679000000,2027.0741360484801,1.8115830412626934,659,10483861
PRT,2005,NA,2725000000,2122.11432227355,0.76678443531668,0,10503330
PRT,2006,NA,2477000000,2717.2074106363,1.5530538382948862,0,10522288
PRT,2007,NA,2031000000,3280.09523567841,2.4920024464220063,0,10542964
PRT,2014,NA,252786343,3503.30766422226,0.8931877245328792,NA,10401062
PRT,2015,NA,257000000,3436.8897740968,1.8220668261813842,NA,10358076
PRT,2016,NA,145500000,3557.22682875648,1.619414632550999,NA,10325452
SWE,1995,NA,2128416384,8332.71540399172,4.024306540778014,NA,8826939
SWE,1996,NA,2157099910,NA,1.517861239129985,NA,8840998
SWE,1997,NA,1679337278,9220.59084318533,2.900482859177103,NA,8846062
SWE,1998,NA,1909636863,NA,4.226791693184097,NA,8850974
SWE,1999,NA,1807677464,10355.0299646033,4.530152751878177,NA,8857874
SWE,2000,NA,1816976284,NA,4.735287133241073,NA,8872109
SWE,2001,NA,1912551185,12599.6188202048,1.563410279207389,NA,8895960
SWE,2002,NA,2220438914,NA,2.0735772126649294,NA,8924958
SWE,2003,NA,2265464031,12160.2530533145,2.3857402355971686,NA,8958229
SWE,2004,NA,2542575342,11902.8320067089,4.320529810056911,0,8993531
SWE,2005,NA,2544153620,12222.6281498152,2.8183296177564046,0,9029572
SWE,2006,NA,2598856624,13223.7596375313,4.688127152487212,0,9080505
SWE,2007,NA,2874158299,12721.9394938696,3.4049488952352363,0,9148092
SWE,2014,NA,3270674626,13059.9100936836,2.604326564624344,NA,9696110
SWE,2015,NA,3461649474,14169.5112363257,4.521969346837039,NA,9799186
SWE,2016,NA,3504061348,14580.4594108438,3.2349419223578195,NA,9923085
USA,1995,NA,39563555759,247364.122165376,2.7189757887819326,NA,266278000
USA,1996,NA,43896022056,261029.427711849,3.7958812294258735,NA,269394000
USA,1997,NA,53845543507,275991.544812095,4.487026493167306,NA,272657000
USA,1998,NA,59499330655,291287.672833044,4.44991096328404,NA,275854000
USA,1999,NA,67664979377,310429.640979936,4.685199608398662,NA,279040000
USA,2000,NA,85889610389,333146.143274585,4.092176448810662,NA,282162411
USA,2001,NA,95386333185,338685.071595332,0.9759818339321242,NA,284968955
USA,2002,NA,87846332946,333151.403364361,1.7861276874555188,NA,287625193
USA,2003,NA,72812803961,342930.81384392,2.8067759564809336,NA,290107933
USA,2004,NA,54003056382,347142.184113217,3.7857428496944436,0,292805298
USA,2005,NA,57993251928,361065.975355848,3.345216063348772,0,295516599
USA,2006,NA,66127259696,377206.793125365,2.666625826122001,0,298379912
USA,2007,NA,62933751642,395493.316049823,1.7785702396528933,0,301231207
USA,2014,NA,75842113185,443140.193811502,2.5691935941892723,NA,318301008
USA,2015,NA,97158435472,456903.007021632,2.861587025272371,NA,320635163
USA,2016,NA,82233869510,464324.148060505,1.4852791931914737,NA,322941311
AUS,1981,NA,NA,3405.06877507013,3.3378582815799973,NA,14927000
AUS,1984,NA,NA,4157.5295956608,4.581139775956018,NA,15544000
AUS,1986,NA,NA,5106.08768755269,4.055134900263127,NA,16018400
AUS,1987,NA,NA,5205.37779953847,2.5053241424534747,NA,16263900
AUS,1988,NA,NA,5529.40126321386,5.681053498737128,NA,16532200
AUS,1990,NA,NA,6176.63471885179,3.5645510463558026,NA,17065100
AUS,1992,NA,NA,7492.03740479303,0.44261583024443496,NA,17495000
AUS,1994,NA,NA,8351.39001746538,3.978533970667158,NA,17855000
AUT,1981,NA,NA,2034.70781998295,-0.14429451836284102,NA,7568710
AUT,1982,NA,NA,2162.432363805,2.0112543655325936,NA,7574140
AUT,1983,NA,NA,2244.71583883637,2.9730880205516286,NA,7561910
AUT,1984,NA,NA,2344.17999306256,0.05127525257779553,NA,7561434
AUT,1985,NA,NA,2406.7935774906,2.4986784712659045,NA,7564985
AUT,1986,NA,NA,2543.17232421053,2.3013928009983715,NA,7569794
AUT,1987,NA,NA,2593.44455575063,1.3571679843992825,NA,7574586
AUT,1988,NA,NA,2765.23961622218,3.2958802074068814,NA,7585317
AUT,1989,NA,NA,2918.12026625947,3.8870747877017777,NA,7619567
AUT,1990,NA,NA,3153.12746885317,4.345641560527241,NA,7677850
AUT,1991,NA,NA,3447.18264150815,3.4416273923267227,NA,7754891
AUT,1992,NA,NA,3487.60973599545,2.093524723204638,NA,7840709
AUT,1993,NA,NA,3547.68530877615,0.5268094824205036,NA,7905633
AUT,1994,NA,NA,3832.02339488936,2.4021187634042604,NA,7936118
BEL,1983,NA,NA,3659.00535589701,0.3118427315053225,NA,9855520
BEL,1984,NA,NA,3779.08036988508,2.466382678749852,NA,9855372
BEL,1985,NA,NA,3969.2488072075,1.6517928391573662,NA,9858308
BEL,1986,NA,NA,4049.72177661848,1.8227621144931447,NA,9861823
BEL,1987,NA,NA,4175.78329182649,2.3066594081853538,NA,9870234
BEL,1988,NA,NA,4248.98742993915,4.723208897397683,NA,9901664
BEL,1989,NA,NA,4550.84458103788,3.469166832490771,NA,9937697
BEL,1991,NA,NA,4706.93572159088,1.8330742710958532,NA,10004486
BEL,1993,NA,NA,4969.35075900667,-0.9618730883011892,NA,10084475
BEL,1994,NA,NA,5099.71438206513,3.2269714670388936,NA,10115603
CAN,1981,NA,NA,8204.32447685062,3.503119535516447,NA,24819915
CAN,1982,NA,NA,8874.98743247788,-3.2020248386242827,NA,25116942
CAN,1983,NA,NA,8903.17275477571,2.5985726965739246,NA,25366451
CAN,1984,NA,NA,9674.16401234092,5.925350317774985,NA,25607053
CAN,1985,NA,NA,10414.3978959157,4.7340828446759815,NA,25842116
CAN,1986,NA,NA,10922.9569686339,2.161815552819874,NA,26100278
CAN,1987,NA,NA,10992.5981338224,4.096464515704952,NA,26446601
CAN,1988,NA,NA,11334.2835634869,4.429400974857273,NA,26791747
CAN,1989,NA,NA,12153.1814123121,2.3239739232418657,NA,27276781
CAN,1990,NA,NA,12665.649210179,0.15434603610975728,NA,27691138
CAN,1991,NA,NA,12896.192814928,-2.1256922334409154,NA,28037420
CAN,1992,NA,NA,13375.4974854664,0.8829760256628703,NA,28371264
CAN,1993,NA,NA,14188.658492282,2.655235882962785,NA,28684764
CAN,1994,NA,NA,15312.0474173458,4.4934746187631305,NA,29000663
CAN,2017,NA,NA,24305.4994413702,3.0473506807596493,NA,36543321
DNK,1981,NA,NA,1391.69846717819,-0.6661330224330868,NA,5121572
DNK,1982,NA,NA,1496.57718707794,3.684650825956126,NA,5117810
DNK,1983,NA,NA,1605.45753505758,2.596061212390694,NA,5114297
DNK,1984,NA,NA,1713.72471371509,4.16615126247693,NA,5111619
DNK,1985,NA,NA,1832.88881655198,4.0036855750303175,NA,5113691
DNK,1986,NA,NA,2052.48084898677,4.9042526859003175,NA,5120534
DNK,1987,NA,NA,2208.32131157334,0.25422611188173505,NA,5127024
DNK,1988,NA,NA,2334.12293238399,-0.013630002488270065,NA,5129516
DNK,1989,NA,NA,2423.19772221362,0.6452149791955577,NA,5132594
DNK,1990,NA,NA,2580.98849906335,1.475244725728416,NA,5140939
DNK,1991,NA,NA,2727.69881881485,1.393656028712769,NA,5154298
DNK,1992,NA,NA,2834.93904603173,1.957011566037849,NA,5171370
DNK,1993,NA,NA,2969.57844588057,0.010659428264304438,NA,5188628
FIN,1981,NA,NA,1194.41094943994,1.2947744673498676,NA,4799964
FIN,1983,NA,NA,1441.92071458759,3.1210573124573386,NA,4855787
FIN,1984,NA,NA,1636.39804074067,3.2141281238718022,NA,4881803
FIN,1985,NA,NA,1793.82270515506,3.5366931918656093,NA,4902206
FIN,1986,NA,NA,1944.30753663061,2.726138080536032,NA,4918154
FIN,1987,NA,NA,2124.48747954244,3.5590959750059454,NA,4932123
FIN,1988,NA,NA,2275.91686296017,5.20985868280377,NA,4946481
FIN,1989,NA,NA,2433.79837120024,5.087701646711622,NA,4964371
FIN,1990,NA,NA,2551.23416786934,0.6757834939682255,NA,4986431
FIN,1991,NA,NA,2595.7874372012802,-5.914425873532878,NA,5013740
FIN,1992,NA,NA,2626.76181668582,-3.3246293800539064,NA,5041992
FIN,1993,NA,NA,2652.03048353573,-0.7344933041743218,NA,5066447
FIN,1994,NA,NA,2912.30433956347,3.939260949705954,NA,5088333
FRA,1981,NA,NA,24865.2549613249,1.0777445971561264,NA,55430296
FRA,1982,NA,NA,26573.5238154214,2.5085312533905437,NA,55718933
FRA,1983,NA,NA,27424.219704257,1.2562964765626674,NA,56023770
FRA,1984,NA,NA,29103.8103843104,1.5244694291741752,NA,56337666
FRA,1985,NA,NA,30387.2017858579,1.6232445903391408,NA,56654696
FRA,1986,NA,NA,30934.4118150612,2.35124228797487,NA,56976123
FRA,1987,NA,NA,32358.2352597161,2.5773220693509984,NA,57302663
FRA,1988,NA,NA,33748.2434340655,4.733954268097278,NA,57627105
FRA,1989,NA,NA,35910.1810872915,4.353231142107845,NA,57940212
FRA,1990,NA,NA,38293.3058410199,2.914009697599653,NA,58235697
FRA,1991,NA,NA,38747.6739899803,1.039105330347951,NA,58559311
FRA,1992,NA,NA,39464.6179204411,1.5996712160060156,NA,58851217
FRA,1993,NA,NA,39836.5614370069,-0.6126528374205407,NA,59106768
FRA,1994,NA,NA,39884.9531079646,2.3453855976988365,NA,59327192
DEU,1981,NA,NA,40583.3093614114,0.5292405372215683,NA,78407907
DEU,1982,NA,NA,41603.0464801646,-0.394840745632834,NA,78333366
DEU,1983,NA,NA,42390.7719770963,1.5724101493405271,NA,78128282
DEU,1984,NA,NA,43597.6234434916,2.8229478341374517,NA,77858685
DEU,1985,NA,NA,47828.6621769776,2.327935219889227,NA,77684873
DEU,1986,NA,NA,49430.73204258,2.2873392689723175,NA,77720436
DEU,1987,NA,NA,52258.0983159043,1.402151574094134,NA,77839920
DEU,1988,NA,NA,53935.7338072344,3.707235668724323,NA,78144619
DEU,1989,NA,NA,55706.6519410537,3.8965517241943246,NA,78751283
DEU,1990,NA,NA,56311.8717269846,5.255006086097808,NA,79433029
DEU,1991,NA,NA,60718.2064229175,5.108261507945571,NA,80013896
DEU,1992,NA,NA,58950.6241622008,1.9238070111376402,NA,80624598
DEU,1993,NA,NA,56515.2825658187,-0.9561653070175424,NA,81156363
DEU,1994,NA,NA,55715.7414888437,2.4573718200068697,NA,81438348
GRC,1981,NA,NA,280.900188897587,-1.5537212497715842,NA,9729350
GRC,1986,NA,NA,454.182977684142,0.5176601026883816,NA,9967213
GRC,1988,NA,NA,508.328967106794,4.287861710078047,NA,10036983
GRC,1989,NA,NA,659.724489156889,3.799999996522317,NA,10089498
GRC,1991,NA,NA,662.291496797405,3.0999999819080415,NA,10319927
GRC,1993,NA,NA,851.198544428957,-1.6000000025816234,NA,10460415
ISL,1981,NA,NA,36.7382578807555,NA,NA,230755
ISL,1983,NA,NA,38.8830674994652,NA,NA,236977
ISL,1984,NA,NA,42.9393328344634,NA,NA,239511
ISL,1985,NA,NA,44.9660619783791,NA,NA,241405
ISL,1986,NA,NA,46.7926155100246,NA,NA,243180
ISL,1987,NA,NA,53.5623081056982,NA,NA,245859
ISL,1989,NA,NA,69.9820563000995,NA,NA,252852
ISL,1990,NA,NA,69.7018878684835,NA,NA,254826
ISL,1991,NA,NA,82.2276199932001,NA,NA,257797
ISL,1992,NA,NA,91.3637856254326,NA,NA,261057
ISL,1993,NA,NA,92.8999951736767,NA,NA,263725
ISL,1994,NA,NA,99.5971065501179,NA,NA,266021
IRL,1981,NA,NA,347.813629683162,3.325215880084926,NA,3453000
IRL,1982,NA,NA,353.605303300138,2.2834682626688476,NA,3485800
IRL,1983,NA,NA,340.526634733211,-0.24430114686376214,NA,3510600
IRL,1984,NA,NA,386.735879288448,4.354372685178845,NA,3532423
IRL,1985,NA,NA,432.067279406093,3.0856149010957097,NA,3538082
IRL,1986,NA,NA,466.687931806846,-0.4283305441231846,NA,3539690
IRL,1987,NA,NA,486.237851228888,4.6630911753068744,NA,3540057
IRL,1988,NA,NA,492.245573034851,5.217414162040782,NA,3524949
IRL,1989,NA,NA,523.124552247048,5.813919477374057,NA,3511009
IRL,1990,NA,NA,587.341312442535,8.466527934630392,NA,3513974
IRL,1991,NA,NA,675.211419583293,1.9296395552333507,NA,3534235
IRL,1992,NA,NA,775.066646690586,3.3432742794049943,NA,3558430
IRL,1993,NA,NA,900.862375476772,2.6926091941550396,NA,3576261
IRL,1994,NA,NA,1030.97035296292,5.755827008922807,NA,3590386
ITA,1981,NA,NA,11302.8475016871,0.8442276272504898,NA,56501675
ITA,1982,NA,NA,11656.1562921029,0.4135856652994505,NA,56543548
ITA,1983,NA,NA,12416.8223363022,1.1692034923336507,NA,56564074
ITA,1984,NA,NA,13620.8704278047,3.2258523836668616,NA,56576718
ITA,1985,NA,NA,15559.8624227961,2.7980857272685853,NA,56593071
ITA,1986,NA,NA,16150.0091201686,2.8599718884065624,NA,56596155
ITA,1987,NA,NA,17487.5934071025,3.1919606144327872,NA,56601931
ITA,1988,NA,NA,18619.5402020632,4.194377272997116,NA,56629288
ITA,1989,NA,NA,19538.7330928316,3.3883835085791105,NA,56671781
ITA,1990,NA,NA,20606.8308264229,1.9857749033687782,NA,56719240
ITA,1991,NA,NA,19893.7988525112,1.538447551577633,NA,56758521
ITA,1992,NA,NA,19385.7808311007,0.8342754700632895,NA,56797087
ITA,1993,NA,NA,18302.4298912099,-0.8528057578927104,NA,56831821
ITA,1994,NA,NA,17451.0695305165,2.151023645136931,NA,56843400
ITA,2016,NA,NA,26147.6917194158,0.8582626300083263,NA,60627498
JPN,1981,NA,NA,50647.9076396948,4.209336465284281,NA,117648000
JPN,1982,NA,NA,54411.6357216376,3.312456737206972,NA,118449000
JPN,1983,NA,NA,59335.3367751467,3.523044985156716,NA,119259000
JPN,1984,NA,NA,64489.993060731,4.501994816142329,NA,120018000
JPN,1985,NA,NA,72167.2319745386,5.2333809468379116,NA,120754000
JPN,1986,NA,NA,73494.4291518115,3.3265256162953563,NA,121492000
JPN,1987,NA,NA,78762.9696668912,4.730665860355046,NA,122091000
JPN,1988,NA,NA,84849.7751029705,6.7850201095211276,NA,122613000
JPN,1989,NA,NA,92665.2463849903,4.858037686312571,NA,123116000
JPN,1990,NA,NA,100114.744342343,4.892713065749632,NA,123537000
JPN,1991,NA,NA,102387.560861089,3.4174967617612566,NA,123921000
JPN,1992,NA,NA,101310.83884361,0.8480695812656478,NA,124229000
JPN,1993,NA,NA,98690.5083435538,-0.5179198472211937,NA,124536000
JPN,1994,NA,NA,97579.5801912832,0.9930663633067383,NA,124961000
LUX,2016,NA,NA,641.78426071607,3.0826433160572577,NA,582014
NLD,1981,NA,NA,6138.45885598744,-0.7836115922205238,NA,14247208
NLD,1982,NA,NA,6433.31986159042,-1.2407567747621329,NA,14312690
NLD,1983,NA,NA,6706.69223345765,2.0699580716285766,NA,14367070
NLD,1984,NA,NA,6685.72545160183,3.0616790135863425,NA,14424211
NLD,1985,NA,NA,7384.69775476591,2.5801798092500547,NA,14491632
NLD,1986,NA,NA,8030.36181390796,2.786975869194677,NA,14572278
NLD,1987,NA,NA,8546.98716684362,1.931248529919614,NA,14665037
NLD,1988,NA,NA,8581.36018781283,3.441218876758569,NA,14760094
NLD,1989,NA,NA,8558.86188224665,4.420118036153966,NA,14848907
NLD,1990,NA,NA,9112.40410747532,4.183222798736438,NA,14951510
NLD,1991,NA,NA,8842.52076984149,2.4391345080621676,NA,15069798
NLD,1992,NA,NA,8682.31661864909,1.706070920522933,NA,15184166
NLD,1993,NA,NA,8897.9881040254,1.2575522084424335,NA,15290368
NLD,1994,NA,NA,9346.17438432206,2.9610923975804155,NA,15382838
NLD,1995,NA,NA,9707.89074796908,3.116035967968301,NA,15459006
NLD,1996,NA,NA,10132.6731979928,3.566719235641088,NA,15530498
NLD,2014,NA,NA,15080.516379414,1.41969029584088,NA,16865008
NLD,2015,NA,NA,15442.5474091956,2.2607570294759967,NA,16939923
NLD,2016,NA,NA,16008.8960821195,2.209941515918416,NA,17030314
NZL,1981,NA,NA,660.685101568976,4.6546627446964095,NA,3124900
NZL,1983,NA,NA,615.931059187056,3.492178960671268,NA,3199300
NZL,1989,NA,NA,634.789906421625,0.525920995684757,NA,3299200
NZL,1990,NA,NA,729.919763088158,0.6496401902864335,NA,3329800
NZL,1991,NA,NA,709.609751134644,-1.642545285821825,NA,3495100
NZL,1992,NA,NA,737.09679200269,1.2664975247006254,NA,3531700
NZL,1993,NA,NA,795.056044130855,6.53282753319391,NA,3572200
NOR,1981,NA,NA,1437.08992971944,1.5982656430284123,NA,4099702
NOR,1982,NA,NA,1522.58409137374,0.23533543197868312,NA,4114787
NOR,1983,NA,NA,1619.95416144385,3.972771296967295,NA,4128432
NOR,1984,NA,NA,1832.87382897584,6.052445182644391,NA,4140099
NOR,1985,NA,NA,2044.31212107157,5.553318027069068,NA,4152516
NOR,1987,NA,NA,2206.67673322073,1.753376587301588,NA,4186905
NOR,1989,NA,NA,2254.4984515616,1.0382851046655048,NA,4226901
NOR,1991,NA,NA,2322.45181404912,3.084674243045555,NA,4261732
NOR,1993,NA,NA,2529.7253897788,2.8453121562784958,NA,4311991
PRT,1982,NA,NA,410.52444912436,2.135375334086561,NA,9911771
PRT,1983,NA,NA,449.494359704204,-0.17311312834551984,NA,9957865
PRT,1984,NA,NA,456.808059002066,-1.879979577184045,NA,9996232
PRT,1985,NA,NA,517.283581091539,2.8074396722918493,NA,10023613
PRT,1986,NA,NA,547.373740442581,4.140955654388719,NA,10032734
PRT,1987,NA,NA,622.837660093296,6.381393841232352,NA,10030031
PRT,1988,NA,NA,673.321299093235,7.489108032116732,NA,10019610
PRT,1989,NA,NA,834.564018637537,6.440638969067123,NA,10005000
PRT,1990,NA,NA,936.733293498827,3.9505233317965462,NA,9983218
PRT,1991,NA,NA,1082.84756176762,4.3682064026607605,NA,9960235
PRT,1992,NA,NA,1179.75138439126,1.0894765335240635,NA,9952494
PRT,1993,NA,NA,1150.15479352367,-2.043277034184314,NA,9964675
PRT,1994,NA,NA,1122.33341885906,0.9648381603772407,NA,9991525
ESP,1981,NA,NA,2647.03706655324,-0.13246861253561804,NA,37758631
ESP,1982,NA,NA,3072.70332647561,1.2464617062632328,NA,37986012
ESP,1983,NA,NA,3079.93763187668,1.7701157793077016,NA,38171525
ESP,1984,NA,NA,3256.37121279499,1.7846875219958065,NA,38330364
ESP,1985,NA,NA,3691.07051947758,2.321435856921994,NA,38469512
ESP,1986,NA,NA,4236.15272091042,3.2533217245576367,NA,38584624
ESP,1987,NA,NA,4662.60228347829,5.547122612437818,NA,38684815
ESP,1988,NA,NA,5493.12717905674,5.094324219465207,NA,38766939
ESP,1989,NA,NA,6061.06922706145,4.827030296282842,NA,38827764
ESP,1990,NA,NA,7087.01958816165,3.7813934647743537,NA,38867322
ESP,1991,NA,NA,7460.71599628501,2.5460005678720137,NA,38966376
ESP,1992,NA,NA,7874.59281855965,0.9292154288993402,NA,39157685
ESP,1993,NA,NA,7776.72932984124,-1.031491774521399,NA,39361262
ESP,1994,NA,NA,7362.05629822823,2.3831953157750263,NA,39549108
SWE,1981,NA,NA,4269.40196788935,0.4548304460469268,NA,8320503
SWE,1983,NA,NA,4905.53911960785,1.9006386904707,NA,8329033
SWE,1985,NA,NA,5884.96729755233,2.1603737418044915,NA,8350386
SWE,1987,NA,NA,6461.8164548942495,3.353842968347948,NA,8397804
SWE,1989,NA,NA,6669.78234375205,2.6548069107819288,NA,8492964
SWE,1991,NA,NA,6480.00515648218,-1.1459748612336398,NA,8617375
SWE,1993,NA,NA,7365.46769801914,-2.0656163821680877,NA,8718561
CHE,1981,NA,NA,4952.21998767176,1.6013358815067988,NA,6354074
CHE,1983,NA,NA,4955.62931328773,0.6390794478416666,NA,6418773
CHE,1986,NA,NA,6843.59677710966,1.8586327823298348,NA,6504124
CHE,1989,NA,NA,7441.66618542993,4.330794042008137,NA,6646912
CHE,1992,NA,NA,7246.43123354406,-0.043733007784410916,NA,6875364
GBR,1981,NA,NA,25228.6380572725,-0.7709899341002995,NA,56333829
GBR,1983,NA,NA,24713.4179047365,4.221917568768589,NA,56332848
GBR,1985,NA,NA,26656.863885744,4.1953254688759785,NA,56550268
GBR,1986,NA,NA,27673.7295425237,3.124278970084717,NA,56681396
GBR,1987,NA,NA,28042.9956438774,5.306559400979822,NA,56802050
GBR,1988,NA,NA,28759.0869388353,5.747626911168794,NA,56928327
GBR,1989,NA,NA,29387.702028825,2.569404459732368,NA,57076711
GBR,1990,NA,NA,29507.8960860163,0.731800511871981,NA,57247586
GBR,1991,NA,NA,28058.7625341777,-1.08654325327457,NA,57424897
GBR,1992,NA,NA,27673.2124152659,0.3739764586664762,NA,57580402
GBR,1993,NA,NA,28740.5970296306,2.526924878731478,NA,57718614
GBR,1994,NA,NA,29419.0328601704,3.88003851735364,NA,57865745
USA,1981,NA,NA,151767.417121366,2.594470388231514,NA,229466000
USA,1982,NA,NA,159434.189580788,-1.9108910680485565,NA,231664000
USA,1983,NA,NA,170833.68088887,4.632457181204842,NA,233792000
USA,1984,NA,NA,187739.377378718,7.259086959360587,NA,235825000
USA,1985,NA,NA,203747.841061274,4.238737520839138,NA,237924000
USA,1986,NA,NA,208979.614083459,3.511614499092204,NA,240133000
USA,1987,NA,NA,214099.221624982,3.4617476918500785,NA,242289000
USA,1988,NA,NA,219163.64501563,4.203971979412984,NA,244499000
USA,1989,NA,NA,223574.076001504,3.680524033047135,NA,246819000
USA,1990,NA,NA,231004.871438878,1.9193702974254876,NA,249623000
USA,1991,NA,NA,236765.761802082,-0.07408453071239762,NA,252981000
USA,1992,NA,NA,237867.385924055,3.5553961476675795,NA,256514000
USA,1993,NA,NA,232776.216468284,2.7458567189227523,NA,259919000
USA,1994,NA,NA,232680.483348261,4.037643424864811,NA,263126000
AUS,1960,NA,NA,NA,NA,NA,10276477
AUS,1961,NA,NA,NA,2.485605037318763,NA,10483000
AUS,1962,NA,NA,NA,1.2964776899124786,NA,10742000
AUS,1963,NA,NA,NA,6.214278414138491,NA,10950000
AUS,1964,NA,NA,NA,6.978723719222685,NA,11167000
AUS,1965,NA,NA,NA,5.983450031826848,NA,11388000
AUS,1966,NA,NA,NA,2.382491186839019,NA,11651000
AUS,1967,NA,NA,NA,6.3023857118717785,NA,11799000
AUS,1968,NA,NA,NA,5.095868061074853,NA,12009000
AUS,1969,NA,NA,NA,7.044158690478227,NA,12263000
AUS,1970,NA,NA,NA,7.17218249969342,NA,12507000
AUS,1971,NA,NA,NA,4.003930299374375,NA,12937000
AUS,1972,NA,NA,NA,3.9126909526645477,NA,13177000
AUS,1973,NA,NA,NA,2.613819454034868,NA,13380000
AUS,1974,NA,NA,NA,4.102589409083592,NA,13723000
AUS,1975,NA,NA,NA,1.3503380693203724,NA,13893000
AUS,1976,NA,NA,NA,2.5879461618757915,NA,14033000
AUS,1977,NA,NA,NA,3.597377244863708,NA,14192000
AUS,1978,NA,NA,NA,0.8967703863734187,NA,14358000
AUS,1979,NA,NA,NA,4.043514120082165,NA,14514000
AUS,1980,NA,NA,NA,3.034206519647171,NA,14692000
AUS,1982,NA,NA,NA,3.328119351270857,NA,15178000
AUS,1983,NA,NA,NA,-2.22014376028406,NA,15369000
AUS,1985,NA,NA,NA,5.249206462125301,NA,15758000
AUS,1989,NA,NA,NA,3.867596564991757,NA,16814400
AUS,1991,NA,NA,NA,-0.38754648567007166,NA,17284000
AUS,1993,NA,NA,NA,4.039078874061502,NA,17667000
AUS,2017,NA,NA,NA,1.9575754216065917,NA,24601860
AUS,2018,NA,NA,NA,NA,NA,24982688
AUT,1960,NA,NA,NA,NA,NA,7047539
AUT,1961,NA,NA,NA,5.537979316845252,NA,7086299
AUT,1962,NA,NA,NA,2.648675112952617,NA,7129864
AUT,1963,NA,NA,NA,4.138267581570361,NA,7175811
AUT,1964,NA,NA,NA,6.124353737628326,NA,7223801
AUT,1965,NA,NA,NA,3.480174917995612,NA,7270889
AUT,1966,NA,NA,NA,5.642861410932682,NA,7322066
AUT,1967,NA,NA,NA,3.0080477977549265,NA,7376998
AUT,1968,NA,NA,NA,4.4723127824606905,NA,7415403
AUT,1969,NA,NA,NA,6.275867166070199,NA,7441055
AUT,1970,NA,NA,NA,6.321142545077791,NA,7467086
AUT,1971,NA,NA,NA,5.114968714033651,NA,7500482
AUT,1972,NA,NA,NA,6.207860986459963,NA,7544201
AUT,1973,NA,NA,NA,4.890435425076717,NA,7586115
AUT,1974,NA,NA,NA,3.942138139395553,NA,7599038
AUT,1975,NA,NA,NA,-0.36373573952869265,NA,7578903
AUT,1976,NA,NA,NA,4.578445403132832,NA,7565525
AUT,1977,NA,NA,NA,5.07998079916527,NA,7568430
AUT,1978,NA,NA,NA,-0.2106534509600948,NA,7562305
AUT,1979,NA,NA,NA,5.356699831301384,NA,7549425
AUT,1980,NA,NA,NA,1.731485428094885,NA,7549433
AUT,2017,NA,NA,NA,3.0352726788756854,NA,8797566
AUT,2018,NA,NA,NA,NA,NA,8840521
BEL,1960,NA,NA,NA,NA,NA,9153489
BEL,1961,NA,NA,NA,4.97842306319194,NA,9183948
BEL,1962,NA,NA,NA,5.212003509255766,NA,9220578
BEL,1963,NA,NA,NA,4.351584281670512,NA,9289770
BEL,1964,NA,NA,NA,6.9566847334405395,NA,9378113
BEL,1965,NA,NA,NA,3.5606598398604064,NA,9463667
BEL,1966,NA,NA,NA,3.155894981734363,NA,9527807
BEL,1967,NA,NA,NA,3.8681469469009357,NA,9580991
BEL,1968,NA,NA,NA,4.1941296249475215,NA,9618756
BEL,1969,NA,NA,NA,6.629799795294062,NA,9646032
BEL,1970,NA,NA,NA,5.5918026287969695,NA,9655549
BEL,1971,NA,NA,NA,3.985827355065112,NA,9673162
BEL,1972,NA,NA,NA,5.295604410422385,NA,9711115
BEL,1973,NA,NA,NA,6.381702097611779,NA,9741720
BEL,1974,NA,NA,NA,4.5652580547549775,NA,9772419
BEL,1975,NA,NA,NA,-1.965941579986179,NA,9800700
BEL,1976,NA,NA,NA,5.652745859626435,NA,9818227
BEL,1977,NA,NA,NA,0.6261547997549428,NA,9830358
BEL,1978,NA,NA,NA,2.8418965760242685,NA,9839534
BEL,1979,NA,NA,NA,2.341073063394859,NA,9848382
BEL,1980,NA,NA,NA,4.444054021983206,NA,9859242
BEL,1981,NA,NA,NA,-0.27928360018538,NA,9858982
BEL,1982,NA,NA,NA,0.5949869392465814,NA,9856303
BEL,1990,NA,NA,NA,3.1374024763609327,NA,9967379
BEL,1992,NA,NA,NA,1.530654813721327,NA,10045158
BEL,2017,NA,NA,NA,1.7297667624176256,NA,11375158
BEL,2018,NA,NA,NA,NA,NA,11427054
CAN,1960,NA,NA,NA,NA,NA,17909009
CAN,1961,NA,NA,NA,3.1632916837128136,NA,18271000
CAN,1962,NA,NA,NA,7.116779266791269,NA,18614000
CAN,1963,NA,NA,NA,5.181776082273686,NA,18964000
CAN,1964,NA,NA,NA,6.699456681936766,NA,19325000
CAN,1965,NA,NA,NA,6.636545138898313,NA,19678000
CAN,1966,NA,NA,NA,6.584965407506928,NA,20048000
CAN,1967,NA,NA,NA,2.9153103603621418,NA,20412000
CAN,1968,NA,NA,NA,5.29534186352825,NA,20744000
CAN,1969,NA,NA,NA,5.260000825945667,NA,21028000
CAN,1970,NA,NA,NA,3.2556136203036914,NA,21324000
CAN,1971,NA,NA,NA,4.117657617024477,NA,21962032
CAN,1972,NA,NA,NA,5.445855579705139,NA,22218463
CAN,1973,NA,NA,NA,6.964202919458714,NA,22491777
CAN,1974,NA,NA,NA,3.690987648653035,NA,22807969
CAN,1975,NA,NA,NA,1.8229731294867406,NA,23143275
CAN,1976,NA,NA,NA,5.199302435109885,NA,23449808
CAN,1977,NA,NA,NA,3.4582306014113016,NA,23725843
CAN,1978,NA,NA,NA,3.9535912648273097,NA,23963203
CAN,1979,NA,NA,NA,3.8049228842256184,NA,24201544
CAN,1980,NA,NA,NA,2.162616890712428,NA,24515667
CAN,2018,NA,NA,NA,NA,NA,37057765
CHE,1960,NA,NA,NA,NA,NA,5327827
CHE,1961,NA,NA,NA,NA,NA,5434294
CHE,1962,NA,NA,NA,NA,NA,5573815
CHE,1963,NA,NA,NA,NA,NA,5694247
CHE,1964,NA,NA,NA,NA,NA,5789228
CHE,1965,NA,NA,NA,NA,NA,5856472
CHE,1966,NA,NA,NA,NA,NA,5918002
CHE,1967,NA,NA,NA,NA,NA,5991785
CHE,1968,NA,NA,NA,NA,NA,6067714
CHE,1969,NA,NA,NA,NA,NA,6136387
CHE,1970,NA,NA,NA,NA,NA,6180877
CHE,1971,NA,NA,NA,NA,NA,6213399
CHE,1972,NA,NA,NA,NA,NA,6260956
CHE,1973,NA,NA,NA,NA,NA,6307347
CHE,1974,NA,NA,NA,NA,NA,6341405
CHE,1975,NA,NA,NA,NA,NA,6338632
CHE,1976,NA,NA,NA,NA,NA,6302504
CHE,1977,NA,NA,NA,NA,NA,6281174
CHE,1978,NA,NA,NA,NA,NA,6281738
CHE,1979,NA,NA,NA,NA,NA,6294365
CHE,1980,NA,NA,NA,NA,NA,6319408
CHE,1982,NA,NA,NA,-1.3094174402887262,NA,6391309
CHE,1984,NA,NA,NA,3.008456431502765,NA,6441865
CHE,1985,NA,NA,NA,3.673595917524608,NA,6470365
CHE,1987,NA,NA,NA,1.5854781699917737,NA,6545106
CHE,1988,NA,NA,NA,3.2775962486353336,NA,6593386
CHE,1990,NA,NA,NA,3.6746256384601566,NA,6715519
CHE,1991,NA,NA,NA,-0.9158165626077448,NA,6799978
CHE,1993,NA,NA,NA,-0.12598354086119912,NA,6938265
CHE,1994,NA,NA,NA,1.2697576925872198,NA,6993795
CHE,2017,NA,NA,NA,1.0867922193842077,NA,8451840
CHE,2018,NA,NA,NA,NA,NA,8514329
DEU,1960,NA,NA,NA,NA,NA,72814900
DEU,1961,NA,NA,NA,NA,NA,73377632
DEU,1962,NA,NA,NA,NA,NA,74025784
DEU,1963,NA,NA,NA,NA,NA,74714353
DEU,1964,NA,NA,NA,NA,NA,75318337
DEU,1965,NA,NA,NA,NA,NA,75963695
DEU,1966,NA,NA,NA,NA,NA,76600311
DEU,1967,NA,NA,NA,NA,NA,76951336
DEU,1968,NA,NA,NA,NA,NA,77294314
DEU,1969,NA,NA,NA,NA,NA,77909682
DEU,1970,NA,NA,NA,NA,NA,78169289
DEU,1971,NA,NA,NA,3.132699753677784,NA,78312842
DEU,1972,NA,NA,NA,4.300341294105522,NA,78688452
DEU,1973,NA,NA,NA,4.777486913211405,NA,78936666
DEU,1974,NA,NA,NA,0.8900687041992938,NA,78967433
DEU,1975,NA,NA,NA,-0.866738895212265,NA,78673554
DEU,1976,NA,NA,NA,4.949258392130076,NA,78336950
DEU,1977,NA,NA,NA,3.3472180880346656,NA,78159814
DEU,1978,NA,NA,NA,3.00849287686853,NA,78091820
DEU,1979,NA,NA,NA,4.150363333035401,NA,78126350
DEU,1980,NA,NA,NA,1.4088286592460264,NA,78288576
DEU,2017,NA,NA,NA,2.222824755361202,NA,82657002
DEU,2018,NA,NA,NA,NA,NA,82905782
DNK,1960,NA,NA,NA,NA,NA,4579603
DNK,1961,NA,NA,NA,6.378832475573958,NA,4611687
DNK,1962,NA,NA,NA,5.6668221727179855,NA,4647727
DNK,1963,NA,NA,NA,0.6370212342024217,NA,4684483
DNK,1964,NA,NA,NA,9.269938214517964,NA,4722072
DNK,1965,NA,NA,NA,4.555254814070992,NA,4759012
DNK,1966,NA,NA,NA,2.74091010903237,NA,4797381
DNK,1967,NA,NA,NA,3.421605091813376,NA,4835354
DNK,1968,NA,NA,NA,3.9749477020775146,NA,4864883
DNK,1969,NA,NA,NA,6.322485008394324,NA,4891860
DNK,1970,NA,NA,NA,2.735218117791277,NA,4928757
DNK,1971,NA,NA,NA,3.0050329961859745,NA,4963126
DNK,1972,NA,NA,NA,3.9293438250383588,NA,4991596
DNK,1973,NA,NA,NA,4.092925236119683,NA,5021861
DNK,1974,NA,NA,NA,-1.1224116640078847,NA,5045297
DNK,1975,NA,NA,NA,-1.4565417344713865,NA,5059862
DNK,1976,NA,NA,NA,5.924574566570826,NA,5072596
DNK,1977,NA,NA,NA,1.8702885899147645,NA,5088419
DNK,1978,NA,NA,NA,2.226308610349122,NA,5104248
DNK,1979,NA,NA,NA,3.8690564243969874,NA,5116801
DNK,1980,NA,NA,NA,-0.48299225427400927,NA,5123027
DNK,1994,NA,NA,NA,5.332448645045844,NA,5206180
DNK,2017,NA,NA,NA,2.2401389220747916,NA,5764980
DNK,2018,NA,NA,NA,NA,NA,5793636
ESP,1960,NA,NA,NA,NA,NA,30455000
ESP,1961,NA,NA,NA,11.838674194833132,NA,30739250
ESP,1962,NA,NA,NA,9.95343810301786,NA,31023366
ESP,1963,NA,NA,NA,9.596498874197465,NA,31296651
ESP,1964,NA,NA,NA,5.308510245571398,NA,31609195
ESP,1965,NA,NA,NA,6.253134898985024,NA,31954292
ESP,1966,NA,NA,NA,7.246060309507925,NA,32283194
ESP,1967,NA,NA,NA,4.340338417075088,NA,32682947
ESP,1968,NA,NA,NA,6.597020137583058,NA,33113134
ESP,1969,NA,NA,NA,8.907015555270888,NA,33441054
ESP,1970,NA,NA,NA,4.2906393876693585,NA,33814531
ESP,1971,NA,NA,NA,4.649473477751414,NA,34224490
ESP,1972,NA,NA,NA,8.149745869208687,NA,34604469
ESP,1973,NA,NA,NA,7.788465252687658,NA,34988947
ESP,1974,NA,NA,NA,5.618785759575218,NA,35373335
ESP,1975,NA,NA,NA,0.5422033250125793,NA,35757900
ESP,1976,NA,NA,NA,3.3037915129938966,NA,36137812
ESP,1977,NA,NA,NA,2.8385743040973352,NA,36511638
ESP,1978,NA,NA,NA,1.4630033736536348,NA,36864898
ESP,1979,NA,NA,NA,0.041546520604200055,NA,37191330
ESP,1980,NA,NA,NA,2.208728118304876,NA,37491165
ESP,2017,NA,NA,NA,3.051719616195058,NA,46593236
ESP,2018,NA,NA,NA,NA,NA,46797754
FIN,1960,NA,NA,NA,NA,NA,4429634
FIN,1961,NA,NA,NA,7.604670479244319,NA,4461005
FIN,1962,NA,NA,NA,2.981945536103254,NA,4491443
FIN,1963,NA,NA,NA,3.2850996357034035,NA,4523309
FIN,1964,NA,NA,NA,5.2386865978934765,NA,4548543
FIN,1965,NA,NA,NA,5.302857802282659,NA,4563732
FIN,1966,NA,NA,NA,2.372823015281739,NA,4580869
FIN,1967,NA,NA,NA,2.1688288828741946,NA,4605744
FIN,1968,NA,NA,NA,2.3032899835566667,NA,4626469
FIN,1969,NA,NA,NA,9.593287784800324,NA,4623785
FIN,1970,NA,NA,NA,5.333907791686656,NA,4606307
FIN,1971,NA,NA,NA,2.3569203122243465,NA,4612124
FIN,1972,NA,NA,NA,7.735485517701804,NA,4639657
FIN,1973,NA,NA,NA,6.983827975491906,NA,4666081
FIN,1974,NA,NA,NA,3.2365336129386577,NA,4690574
FIN,1975,NA,NA,NA,1.8048977044041692,NA,4711440
FIN,1976,NA,NA,NA,0.3443829661871973,NA,4725664
FIN,1977,NA,NA,NA,0.2395104040246565,NA,4738902
FIN,1978,NA,NA,NA,2.919708089643521,NA,4752528
FIN,1979,NA,NA,NA,7.121926394170217,NA,4764690
FIN,1980,NA,NA,NA,5.3890474247811255,NA,4779535
FIN,1982,NA,NA,NA,3.087354214195855,NA,4826933
FIN,2017,NA,NA,NA,2.634254745956383,NA,5508214
FIN,2018,NA,NA,NA,NA,NA,5515525
FRA,1960,NA,NA,NA,NA,NA,46621669
FRA,1961,NA,NA,NA,5.506272437117417,NA,47240543
FRA,1962,NA,NA,NA,6.6721746263356465,NA,47904877
FRA,1963,NA,NA,NA,5.347173767378791,NA,48582611
FRA,1964,NA,NA,NA,6.5183383027217445,NA,49230595
FRA,1965,NA,NA,NA,4.778035176976488,NA,49818028
FRA,1966,NA,NA,NA,5.214008051937142,NA,50330262
FRA,1967,NA,NA,NA,4.688158820651793,NA,50775794
FRA,1968,NA,NA,NA,4.259024689772744,NA,51175508
FRA,1969,NA,NA,NA,6.990530533929146,NA,51561836
FRA,1970,NA,NA,NA,5.558249635212476,NA,51957738
FRA,1971,NA,NA,NA,5.345711560759398,NA,52371342
FRA,1972,NA,NA,NA,4.541578934185338,NA,52793138
FRA,1973,NA,NA,NA,6.310450661303605,NA,53207734
FRA,1974,NA,NA,NA,4.291351828512276,NA,53592233
FRA,1975,NA,NA,NA,-0.9801622680392796,NA,53931390
FRA,1976,NA,NA,NA,4.314246101849221,NA,54220022
FRA,1977,NA,NA,NA,3.4513689501184217,NA,54467702
FRA,1978,NA,NA,NA,3.978805852987662,NA,54691851
FRA,1979,NA,NA,NA,3.5591123209549096,NA,54917118
FRA,1980,NA,NA,NA,1.5881889896983665,NA,55161527
FRA,2017,NA,NA,NA,1.8194001808926572,NA,66864379
FRA,2018,NA,NA,NA,NA,NA,66965912
GBR,1960,NA,NA,NA,NA,NA,52400000
GBR,1961,NA,NA,NA,2.573569963134929,NA,52800000
GBR,1962,NA,NA,NA,1.327993178523812,NA,53250000
GBR,1963,NA,NA,NA,3.9562411667375414,NA,53650000
GBR,1964,NA,NA,NA,5.038282448782439,NA,54000000
GBR,1965,NA,NA,NA,2.7889768283330056,NA,54348050
GBR,1966,NA,NA,NA,2.049311177543373,NA,54648500
GBR,1967,NA,NA,NA,2.3109651005548812,NA,54943600
GBR,1968,NA,NA,NA,3.9847379946767774,NA,55211700
GBR,1969,NA,NA,NA,2.052445651088533,NA,55441750
GBR,1970,NA,NA,NA,6.596286521004657,NA,55663250
GBR,1971,NA,NA,NA,3.4843680363140948,NA,55896223
GBR,1972,NA,NA,NA,4.3019459191026215,NA,56086065
GBR,1973,NA,NA,NA,6.508720793273653,NA,56194527
GBR,1974,NA,NA,NA,-2.463410166740303,NA,56229974
GBR,1975,NA,NA,NA,-1.4790616586152083,NA,56225800
GBR,1976,NA,NA,NA,2.91005909082574,NA,56211968
GBR,1977,NA,NA,NA,2.4430937608076846,NA,56193492
GBR,1978,NA,NA,NA,4.201849426955022,NA,56196504
GBR,1979,NA,NA,NA,3.7414535629805954,NA,56246951
GBR,1980,NA,NA,NA,-2.027768561554481,NA,56314216
GBR,1982,NA,NA,NA,2.0105598044953155,NA,56313641
GBR,1984,NA,NA,NA,2.2762355923763096,NA,56422072
GBR,2017,NA,NA,NA,1.7871509848740033,NA,66058859
GBR,2018,NA,NA,NA,NA,NA,66460344
GRC,1960,NA,NA,NA,NA,NA,8331725
GRC,1961,NA,NA,NA,11.149537396528245,NA,8398050
GRC,1962,NA,NA,NA,1.5335189057628753,NA,8448233
GRC,1963,NA,NA,NA,10.136055260813265,NA,8479625
GRC,1964,NA,NA,NA,8.258340251724078,NA,8510429
GRC,1965,NA,NA,NA,9.392660849813538,NA,8550333
GRC,1966,NA,NA,NA,6.098846533173543,NA,8613651
GRC,1967,NA,NA,NA,5.481437166004625,NA,8684088
GRC,1968,NA,NA,NA,6.664109251982737,NA,8740765
GRC,1969,NA,NA,NA,9.899730171897232,NA,8772764
GRC,1970,NA,NA,NA,7.951269095081528,NA,8792806
GRC,1971,NA,NA,NA,7.841176998736728,NA,8831036
GRC,1972,NA,NA,NA,10.160151128125989,NA,8888628
GRC,1973,NA,NA,NA,8.0923786518010985,NA,8929086
GRC,1974,NA,NA,NA,-6.438240588071437,NA,8962022
GRC,1975,NA,NA,NA,6.366808716959184,NA,9046541
GRC,1976,NA,NA,NA,6.851897986415921,NA,9188150
GRC,1977,NA,NA,NA,2.9410016466095925,NA,9308479
GRC,1978,NA,NA,NA,7.246863392922734,NA,9429959
GRC,1979,NA,NA,NA,3.282080212246157,NA,9548258
GRC,1980,NA,NA,NA,0.6771310555127457,NA,9642505
GRC,1982,NA,NA,NA,-1.132647498465161,NA,9789513
GRC,1983,NA,NA,NA,-1.0786223812638553,NA,9846627
GRC,1984,NA,NA,NA,2.010580398628676,NA,9895801
GRC,1985,NA,NA,NA,2.5095565584545483,NA,9934300
GRC,1987,NA,NA,NA,-2.2588635266449444,NA,10000595
GRC,1990,NA,NA,NA,0,NA,10196792
GRC,1992,NA,NA,NA,0.7000000118936356,NA,10399061
GRC,1994,NA,NA,NA,2.00000000655902,NA,10512922
GRC,2017,NA,NA,NA,1.351328388623486,NA,10754679
GRC,2018,NA,NA,NA,NA,NA,10732882
IRL,1960,NA,NA,NA,NA,NA,2828600
IRL,1961,NA,NA,NA,NA,NA,2824400
IRL,1962,NA,NA,NA,NA,NA,2836050
IRL,1963,NA,NA,NA,NA,NA,2852650
IRL,1964,NA,NA,NA,NA,NA,2866550
IRL,1965,NA,NA,NA,NA,NA,2877300
IRL,1966,NA,NA,NA,NA,NA,2888800
IRL,1967,NA,NA,NA,NA,NA,2902450
IRL,1968,NA,NA,NA,NA,NA,2915550
IRL,1969,NA,NA,NA,NA,NA,2932650
IRL,1970,NA,NA,NA,NA,NA,2957250
IRL,1971,NA,NA,NA,3.469887504362262,NA,2992050
IRL,1972,NA,NA,NA,6.489808610907602,NA,3036850
IRL,1973,NA,NA,NA,4.72142822868355,NA,3085950
IRL,1974,NA,NA,NA,4.260229255011765,NA,3137500
IRL,1975,NA,NA,NA,5.656645569146406,NA,3189550
IRL,1976,NA,NA,NA,1.3948079026402809,NA,3238050
IRL,1977,NA,NA,NA,8.211300380511943,NA,3282200
IRL,1978,NA,NA,NA,7.186728820296366,NA,3329100
IRL,1979,NA,NA,NA,3.0730361100077346,NA,3373750
IRL,1980,NA,NA,NA,3.0793292843807336,NA,3412800
IRL,2017,NA,NA,NA,7.802381608094123,NA,4807388
IRL,2018,NA,NA,NA,NA,NA,4867316
ISL,1960,NA,NA,NA,NA,NA,175574
ISL,1961,NA,NA,NA,-0.0846619462922149,NA,179029
ISL,1962,NA,NA,NA,8.313712744235175,NA,182378
ISL,1963,NA,NA,NA,10.283382872050666,NA,185653
ISL,1964,NA,NA,NA,9.91654401442996,NA,188983
ISL,1965,NA,NA,NA,7.371729298707024,NA,192286
ISL,1966,NA,NA,NA,8.735933476069917,NA,195570
ISL,1967,NA,NA,NA,-1.267261862738252,NA,198751
ISL,1968,NA,NA,NA,-5.4749063460469785,NA,201488
ISL,1969,NA,NA,NA,2.3745880271907254,NA,203369
ISL,1970,NA,NA,NA,NA,NA,204438
ISL,1971,NA,NA,NA,NA,NA,206098
ISL,1972,NA,NA,NA,NA,NA,209137
ISL,1973,NA,NA,NA,NA,NA,212317
ISL,1974,NA,NA,NA,NA,NA,215209
ISL,1975,NA,NA,NA,NA,NA,217979
ISL,1976,NA,NA,NA,NA,NA,220154
ISL,1977,NA,NA,NA,NA,NA,221799
ISL,1978,NA,NA,NA,NA,NA,223537
ISL,1979,NA,NA,NA,NA,NA,225735
ISL,1980,NA,NA,NA,NA,NA,228138
ISL,1982,NA,NA,NA,NA,NA,233860
ISL,1988,NA,NA,NA,NA,NA,249740
ISL,2017,NA,NA,NA,3.6422268023882367,NA,343400
ISL,2018,NA,NA,NA,NA,NA,352721
ITA,1960,NA,NA,NA,NA,NA,50199700
ITA,1961,NA,NA,NA,8.207245913847629,NA,50536350
ITA,1962,NA,NA,NA,6.20365045787139,NA,50879450
ITA,1963,NA,NA,NA,5.609727978198293,NA,51252000
ITA,1964,NA,NA,NA,2.7977022791149295,NA,51675350
ITA,1965,NA,NA,NA,3.2680237196417465,NA,52112350
ITA,1966,NA,NA,NA,5.9847942251971915,NA,52519000
ITA,1967,NA,NA,NA,7.17861246556177,NA,52900500
ITA,1968,NA,NA,NA,6.544554654705408,NA,53235750
ITA,1969,NA,NA,NA,6.098059995585999,NA,53537950
ITA,1970,NA,NA,NA,5.268692965419675,NA,53821850
ITA,1971,NA,NA,NA,1.8181079918876861,NA,54073490
ITA,1972,NA,NA,NA,3.6904857426673914,NA,54381345
ITA,1973,NA,NA,NA,7.125862305065041,NA,54751406
ITA,1974,NA,NA,NA,5.500141135771415,NA,55110868
ITA,1975,NA,NA,NA,-2.0901629242334963,NA,55441001
ITA,1976,NA,NA,NA,7.125385155094094,NA,55718260
ITA,1977,NA,NA,NA,2.560500797349931,NA,55955411
ITA,1978,NA,NA,NA,3.240139802508594,NA,56155143
ITA,1979,NA,NA,NA,5.959159445859342,NA,56317749
ITA,1980,NA,NA,NA,3.4300163804981167,NA,56433883
ITA,2017,NA,NA,NA,1.5022913719727313,NA,60536709
ITA,2018,NA,NA,NA,NA,NA,60421760
JPN,1960,NA,NA,NA,NA,NA,92500572
JPN,1961,NA,NA,NA,12.043536408011619,NA,94943000
JPN,1962,NA,NA,NA,8.908972995580783,NA,95832000
JPN,1963,NA,NA,NA,8.473642382793884,NA,96812000
JPN,1964,NA,NA,NA,11.676708196397371,NA,97826000
JPN,1965,NA,NA,NA,5.819707872982647,NA,98883000
JPN,1966,NA,NA,NA,10.63856155916325,NA,99790000
JPN,1967,NA,NA,NA,11.082142324693194,NA,100725000
JPN,1968,NA,NA,NA,12.88246813832265,NA,101061000
JPN,1969,NA,NA,NA,12.477894514498061,NA,103172000
JPN,1970,NA,NA,NA,0.399050644836521,NA,104345000
JPN,1971,NA,NA,NA,4.698992042212538,NA,105697000
JPN,1972,NA,NA,NA,8.41354725523766,NA,107188000
JPN,1973,NA,NA,NA,8.032599974647042,NA,108079000
JPN,1974,NA,NA,NA,-1.2252398275097107,NA,110162000
JPN,1975,NA,NA,NA,3.091575916189356,NA,111940000
JPN,1976,NA,NA,NA,3.9749840910332352,NA,112771000
JPN,1977,NA,NA,NA,4.390337950223298,NA,113863000
JPN,1978,NA,NA,NA,5.271941502931938,NA,114898000
JPN,1979,NA,NA,NA,5.484041832469757,NA,115870000
JPN,1980,NA,NA,NA,2.817591207590638,NA,116782000
JPN,2017,NA,NA,NA,1.7125811310874752,NA,126785797
JPN,2018,NA,NA,NA,NA,NA,126529100
LUX,1960,NA,NA,NA,NA,NA,313970
LUX,1961,NA,NA,NA,3.8299831217405256,NA,316845
LUX,1962,NA,NA,NA,1.3586776709487651,NA,320750
LUX,1963,NA,NA,NA,3.4391085403849786,NA,324100
LUX,1964,NA,NA,NA,7.865828819015832,NA,327750
LUX,1965,NA,NA,NA,-0.7349336044810002,NA,331500
LUX,1966,NA,NA,NA,1.1059041123591413,NA,333895
LUX,1967,NA,NA,NA,0.21673081157322827,NA,334995
LUX,1968,NA,NA,NA,4.18387242679033,NA,335850
LUX,1969,NA,NA,NA,9.972857943330553,NA,337500
LUX,1970,NA,NA,NA,4.507040706718371,NA,339171
LUX,1971,NA,NA,NA,2.66723588926061,NA,342421
LUX,1972,NA,NA,NA,6.598193038337712,NA,346600
LUX,1973,NA,NA,NA,8.312676859355108,NA,350450
LUX,1974,NA,NA,NA,4.212467576589333,NA,355050
LUX,1975,NA,NA,NA,-6.571371092394216,NA,358950
LUX,1976,NA,NA,NA,2.5343319422987918,NA,360731
LUX,1977,NA,NA,NA,1.5697762335396845,NA,361358
LUX,1978,NA,NA,NA,4.07497187029324,NA,362007
LUX,1979,NA,NA,NA,2.3456088222448557,NA,362856
LUX,1980,NA,NA,NA,0.8408824264341632,NA,364150
LUX,1981,NA,NA,NA,-0.5509500056490992,NA,365225
LUX,1982,NA,NA,NA,1.131296529252495,NA,365525
LUX,1983,NA,NA,NA,2.9890771052783123,NA,365622
LUX,1984,NA,NA,NA,6.186938986414646,NA,365998
LUX,1985,NA,NA,NA,2.791706463573476,NA,366706
LUX,1986,NA,NA,NA,9.98393453100887,NA,368355
LUX,1987,NA,NA,NA,3.950977975233755,NA,370750
LUX,1988,NA,NA,NA,8.46328313792857,NA,373450
LUX,1989,NA,NA,NA,9.79806164642099,NA,377100
LUX,1990,NA,NA,NA,5.319932181695933,NA,381850
LUX,1991,NA,NA,NA,8.64419007604043,NA,387000
LUX,1992,NA,NA,NA,1.8196528548283482,NA,392175
LUX,1993,NA,NA,NA,4.200648193980101,NA,397475
LUX,1994,NA,NA,NA,3.820921123815424,NA,402925
LUX,2017,NA,NA,NA,2.2979413056561526,NA,596336
LUX,2018,NA,NA,NA,NA,NA,607950
NLD,1960,NA,NA,NA,NA,NA,11486631
NLD,1961,NA,NA,NA,0.2955466727169238,NA,11638712
NLD,1962,NA,NA,NA,6.843507321028497,NA,11805689
NLD,1963,NA,NA,NA,3.6246215304739167,NA,11965966
NLD,1964,NA,NA,NA,8.274903930604637,NA,12127120
NLD,1965,NA,NA,NA,8.643094935749957,NA,12294732
NLD,1966,NA,NA,NA,2.7411043345545636,NA,12456251
NLD,1967,NA,NA,NA,5.280014746976789,NA,12598201
NLD,1968,NA,NA,NA,6.416134039900911,NA,12729721
NLD,1969,NA,NA,NA,6.429449077590931,NA,12877984
NLD,1970,NA,NA,NA,5.694795536457619,NA,13038526
NLD,1971,NA,NA,NA,4.316980328141369,NA,13194497
NLD,1972,NA,NA,NA,3.5338745191152157,NA,13328593
NLD,1973,NA,NA,NA,5.444223134364307,NA,13439322
NLD,1974,NA,NA,NA,3.438717870512505,NA,13545056
NLD,1975,NA,NA,NA,0.002028682791291203,NA,13666335
NLD,1976,NA,NA,NA,4.456309602907609,NA,13774037
NLD,1977,NA,NA,NA,2.5204404688797126,NA,13856185
NLD,1978,NA,NA,NA,2.696246756436338,NA,13941700
NLD,1979,NA,NA,NA,2.014166189025346,NA,14038270
NLD,1980,NA,NA,NA,1.3419141914992991,NA,14149800
NLD,2017,NA,NA,NA,3.1622122933289205,NA,17131296
NLD,2018,NA,NA,NA,NA,NA,17231624
NOR,1960,NA,NA,NA,NA,NA,3581239
NOR,1961,NA,NA,NA,6.273335510407293,NA,3609800
NOR,1962,NA,NA,NA,2.8139451384454333,NA,3638918
NOR,1963,NA,NA,NA,3.785043083660341,NA,3666537
NOR,1964,NA,NA,NA,5.009650986623953,NA,3694339
NOR,1965,NA,NA,NA,5.285608800552197,NA,3723168
NOR,1966,NA,NA,NA,3.786513254897301,NA,3753012
NOR,1967,NA,NA,NA,6.256079006355648,NA,3784539
NOR,1968,NA,NA,NA,2.2598755281926515,NA,3816486
NOR,1969,NA,NA,NA,4.504611455591245,NA,3847707
NOR,1970,NA,NA,NA,1.9433005054835206,NA,3875763
NOR,1971,NA,NA,NA,5.672449976532334,NA,3903039
NOR,1972,NA,NA,NA,5.330597945268735,NA,3933004
NOR,1973,NA,NA,NA,4.532960533478729,NA,3960612
NOR,1974,NA,NA,NA,3.9230266809774434,NA,3985258
NOR,1975,NA,NA,NA,4.952034521220867,NA,4007313
NOR,1976,NA,NA,NA,5.825551025556393,NA,4026152
NOR,1977,NA,NA,NA,4.160767212032866,NA,4043205
NOR,1978,NA,NA,NA,3.8693321385448627,NA,4058671
NOR,1979,NA,NA,NA,4.372510152308479,NA,4072517
NOR,1980,NA,NA,NA,4.564618249346907,NA,4085620
NOR,1986,NA,NA,NA,4.042325836603226,NA,4167354
NOR,1988,NA,NA,NA,-0.2553538342074262,NA,4209488
NOR,1990,NA,NA,NA,1.9324388693220413,NA,4241473
NOR,1992,NA,NA,NA,3.574403308159816,NA,4286401
NOR,1994,NA,NA,NA,5.055453525925131,NA,4336613
NOR,2017,NA,NA,NA,1.9187459119830947,NA,5276968
NOR,2018,NA,NA,NA,NA,NA,5311916
NZL,1960,NA,NA,NA,NA,NA,2371800
NZL,1961,NA,NA,NA,NA,NA,2419700
NZL,1962,NA,NA,NA,NA,NA,2482000
NZL,1963,NA,NA,NA,NA,NA,2531800
NZL,1964,NA,NA,NA,NA,NA,2585400
NZL,1965,NA,NA,NA,NA,NA,2628400
NZL,1966,NA,NA,NA,NA,NA,2675900
NZL,1967,NA,NA,NA,NA,NA,2724100
NZL,1968,NA,NA,NA,NA,NA,2748100
NZL,1969,NA,NA,NA,NA,NA,2772800
NZL,1970,NA,NA,NA,NA,NA,2810700
NZL,1971,NA,NA,NA,3.7854582493328053,NA,2853000
NZL,1972,NA,NA,NA,5.119107964799625,NA,2903900
NZL,1973,NA,NA,NA,7.800278538581878,NA,2961300
NZL,1974,NA,NA,NA,5.9934400147447775,NA,3023700
NZL,1975,NA,NA,NA,-1.7316829087663024,NA,3083100
NZL,1976,NA,NA,NA,0.928812272344004,NA,3110500
NZL,1977,NA,NA,NA,-3.9363378762103167,NA,3120200
NZL,1978,NA,NA,NA,0.3180690497388525,NA,3121200
NZL,1979,NA,NA,NA,2.1918050434370286,NA,3109000
NZL,1980,NA,NA,NA,1.2842825977238448,NA,3112900
NZL,1982,NA,NA,NA,0.9301186468689338,NA,3156100
NZL,1984,NA,NA,NA,4.79300921612284,NA,3227100
NZL,1985,NA,NA,NA,1.6146614391947054,NA,3247100
NZL,1986,NA,NA,NA,2.705800370749216,NA,3246300
NZL,1987,NA,NA,NA,-4.31110676318859,NA,3274400
NZL,1988,NA,NA,NA,2.0040305207606366,NA,3283400
NZL,1994,NA,NA,NA,5.21639123890661,NA,3620000
NZL,2017,NA,NA,NA,3.0286570425072483,NA,4793900
NZL,2018,NA,NA,NA,NA,NA,4841000
PRT,1960,NA,NA,NA,NA,NA,8857716
PRT,1961,NA,NA,NA,5.534903475675108,NA,8929316
PRT,1962,NA,NA,NA,6.614447768773715,NA,8993985
PRT,1963,NA,NA,NA,5.873702116162832,NA,9030355
PRT,1964,NA,NA,NA,6.310747382575087,NA,9035365
PRT,1965,NA,NA,NA,7.468988529943715,NA,8998595
PRT,1966,NA,NA,NA,4.077909433981162,NA,8930990
PRT,1967,NA,NA,NA,7.5444825289497714,NA,8874520
PRT,1968,NA,NA,NA,8.875509233767204,NA,8836650
PRT,1969,NA,NA,NA,2.120741161696273,NA,8757705
PRT,1970,NA,NA,NA,12.612605273950976,NA,8680431
PRT,1971,NA,NA,NA,6.631652210865795,NA,8643756
PRT,1972,NA,NA,NA,8.015696317586901,NA,8630430
PRT,1973,NA,NA,NA,11.200671017062817,NA,8633100
PRT,1974,NA,NA,NA,1.1428603616015636,NA,8754365
PRT,1975,NA,NA,NA,-4.347630946695986,NA,9093470
PRT,1976,NA,NA,NA,6.900230963104121,NA,9355810
PRT,1977,NA,NA,NA,5.6025972519713605,NA,9455675
PRT,1978,NA,NA,NA,2.8159660715583215,NA,9558250
PRT,1979,NA,NA,NA,5.638937404506052,NA,9661265
PRT,1980,NA,NA,NA,4.5893401009148675,NA,9766312
PRT,1981,NA,NA,NA,1.6181034722132495,NA,9851362
PRT,2017,NA,NA,NA,2.6798271030685044,NA,10300300
PRT,2018,NA,NA,NA,NA,NA,10283822
SWE,1960,NA,NA,NA,NA,NA,7484656
SWE,1961,NA,NA,NA,5.681537344263802,NA,7519998
SWE,1962,NA,NA,NA,4.2587729939915135,NA,7561588
SWE,1963,NA,NA,NA,5.327897810579856,NA,7604328
SWE,1964,NA,NA,NA,6.82145671417409,NA,7661354
SWE,1965,NA,NA,NA,3.8214531480115284,NA,7733853
SWE,1966,NA,NA,NA,2.0908364787674714,NA,7807797
SWE,1967,NA,NA,NA,3.3654979394282662,NA,7867931
SWE,1968,NA,NA,NA,3.6382523342360003,NA,7912273
SWE,1969,NA,NA,NA,5.009649555770437,NA,7968072
SWE,1970,NA,NA,NA,6.042008751635791,NA,8042801
SWE,1971,NA,NA,NA,0.944646242374219,NA,8098334
SWE,1972,NA,NA,NA,2.2887387961843046,NA,8122300
SWE,1973,NA,NA,NA,3.967981131100842,NA,8136312
SWE,1974,NA,NA,NA,3.1981956299181604,NA,8159955
SWE,1975,NA,NA,NA,2.5528626755674964,NA,8192437
SWE,1976,NA,NA,NA,1.0581048604984034,NA,8222286
SWE,1977,NA,NA,NA,-1.5962585823121884,NA,8251540
SWE,1978,NA,NA,NA,1.7515480432388415,NA,8275599
SWE,1979,NA,NA,NA,3.84000351457658,NA,8293678
SWE,1980,NA,NA,NA,1.699971418855938,NA,8310531
SWE,1982,NA,NA,NA,1.248664675568591,NA,8325263
SWE,1984,NA,NA,NA,4.229535244489654,NA,8336605
SWE,1986,NA,NA,NA,2.691323192250053,NA,8369829
SWE,1988,NA,NA,NA,2.5590387040103053,NA,8436489
SWE,1990,NA,NA,NA,0.7546747506454068,NA,8558835
SWE,1992,NA,NA,NA,-1.1585927388354804,NA,8668067
SWE,1994,NA,NA,NA,4.087601986832425,NA,8780745
SWE,2017,NA,NA,NA,2.2881158702649174,NA,10057698
SWE,2018,NA,NA,NA,NA,NA,10175214
USA,1960,NA,NA,NA,NA,NA,180671000
USA,1961,NA,NA,NA,2.299999999999585,NA,183691000
USA,1962,NA,NA,NA,6.100000000000037,NA,186538000
USA,1963,NA,NA,NA,4.400000000000006,NA,189242000
USA,1964,NA,NA,NA,5.800000000000267,NA,191889000
USA,1965,NA,NA,NA,6.399999999999679,NA,194303000
USA,1966,NA,NA,NA,6.500000000000327,NA,196560000
USA,1967,NA,NA,NA,2.4999999999999716,NA,198712000
USA,1968,NA,NA,NA,4.799999999999699,NA,200706000
USA,1969,NA,NA,NA,3.100000000000037,NA,202677000
USA,1970,NA,NA,NA,0.18604563637045146,NA,205052000
USA,1971,NA,NA,NA,3.2954767283617628,NA,207661000
USA,1972,NA,NA,NA,5.263262776199824,NA,209896000
USA,1973,NA,NA,NA,5.643124847552031,NA,211909000
USA,1974,NA,NA,NA,-0.5171545622252296,NA,213854000
USA,1975,NA,NA,NA,-0.19767853651944733,NA,215973000
USA,1976,NA,NA,NA,5.38609005075547,NA,218035000
USA,1977,NA,NA,NA,4.608597406531786,NA,220239000
USA,1978,NA,NA,NA,5.561684928944601,NA,222585000
USA,1979,NA,NA,NA,3.1756907501206086,NA,225055000
USA,1980,NA,NA,NA,-0.24459622520808466,NA,227225000
USA,2017,NA,NA,NA,2.273338548301666,NA,324985539
USA,2018,NA,NA,NA,NA,NA,326687501
AUS,2019,NA,NA,NA,NA,NA,25364307
AUS,NA,NA,NA,NA,NA,NA,NA
AUT,2019,NA,NA,NA,NA,NA,8877067
AUT,NA,NA,NA,NA,NA,NA,NA
BEL,2019,NA,NA,NA,NA,NA,11484055
BEL,NA,NA,NA,NA,NA,NA,NA
CAN,2019,NA,NA,NA,NA,NA,37589262
CAN,NA,NA,NA,NA,NA,NA,NA
CHE,2019,NA,NA,NA,NA,NA,8574832
CHE,NA,NA,NA,NA,NA,NA,NA
DEU,2019,NA,NA,NA,NA,NA,83132799
DEU,NA,NA,NA,NA,NA,NA,NA
DNK,2019,NA,NA,NA,NA,NA,5818553
DNK,NA,NA,NA,NA,NA,NA,NA
ESP,2019,NA,NA,NA,NA,NA,47076781
ESP,NA,NA,NA,NA,NA,NA,NA
FIN,2019,NA,NA,NA,NA,NA,5520314
FIN,NA,NA,NA,NA,NA,NA,NA
FRA,2019,NA,NA,NA,NA,NA,67059887
FRA,NA,NA,NA,NA,NA,NA,NA
GBR,2019,NA,NA,NA,NA,NA,66834405
GBR,NA,NA,NA,NA,NA,NA,NA
GRC,2019,NA,NA,NA,NA,NA,10716322
GRC,NA,NA,NA,NA,NA,NA,NA
IRL,2019,NA,NA,NA,NA,NA,4941444
IRL,NA,NA,NA,NA,NA,NA,NA
ISL,2019,NA,NA,NA,NA,NA,361313
ISL,NA,NA,NA,NA,NA,NA,NA
ITA,2019,NA,NA,NA,NA,NA,60297396
ITA,NA,NA,NA,NA,NA,NA,NA
JPN,2019,NA,NA,NA,NA,NA,126264931
JPN,NA,NA,NA,NA,NA,NA,NA
LUX,2019,NA,NA,NA,NA,NA,619896
LUX,NA,NA,NA,NA,NA,NA,NA
NLD,2019,NA,NA,NA,NA,NA,17332850
NLD,NA,NA,NA,NA,NA,NA,NA
NOR,2019,NA,NA,NA,NA,NA,5347896
NOR,NA,NA,NA,NA,NA,NA,NA
NZL,2019,NA,NA,NA,NA,NA,4917000
NZL,NA,NA,NA,NA,NA,NA,NA
PRT,2019,NA,NA,NA,NA,NA,10269417
PRT,NA,NA,NA,NA,NA,NA,NA
SWE,2019,NA,NA,NA,NA,NA,10285453
SWE,NA,NA,NA,NA,NA,NA,NA
USA,2019,NA,NA,NA,NA,NA,328239523
USA,NA,NA,NA,NA,NA,NA,NA
